Samples;decimalLongitude;decimalLatitude;Mussismilia_hispida
Cagarras/Fundo_061011_Cam_am_Video1/;-32.390165;-3.814548;0
Cagarras/Fundo_061011_Cam_am_Video2/;-32.390165;-3.814548;0
Cagarras/Fundo_061011_Cam_am_Video4/;-32.390165;-3.814548;0
Cagarras/Fundo_061011_Cam_ou_Video1/;-32.390165;-3.814548;0
Cagarras/Fundo_061011_Cam_ou_Video2/;-32.390165;-3.814548;0
Cagarras/Fundo_061011_Cam_ou_Video3/;-32.390165;-3.814548;0
Cagarras/Fundo_061011_Cam_ou_Video4/;-32.390165;-3.814548;0
Cagarras/Fundo_061011_Cam_ou_Video5/;-32.390165;-3.814548;0
Cagarras/Fundo_061011_Thiago_Video1/;-32.390165;-3.814548;0
Cagarras/Fundo_061011_Thiago_Video2/;-32.390165;-3.814548;0
Cagarras/Fundo_061011_Thiago_Video3/;-32.390165;-3.814548;0
Cagarras/Fundo_061011_Thiago_Video4/;-32.390165;-3.814548;0
Cagarras/Fundo_061011_Thiago_Video5/;-32.390165;-3.814548;0
Cagarras/Fundo_101011_Renato_Fundo_Video1/;-32.390165;-3.814548;0
Cagarras/Fundo_101011_Renato_Fundo_Video2/;-32.390165;-3.814548;0
Cagarras/Raso_101011_Gui_Raso_Video2/;-32.390165;-3.814548;0
Cagarras/Raso_101011_Gui_Raso_Video3/;-32.390165;-3.814548;0
Cagarras/Raso_101011_Gui_Raso_Video4/;-32.390165;-3.814548;0
Cagarras/Raso_101011_Gui_Raso_Video5/;-32.390165;-3.814548;0
Cagarras/Raso_101011_Gui_Raso_Video6/;-32.390165;-3.814548;0
Cagarras/Raso_101011_Renato_Raso_Video1/;-32.390165;-3.814548;0
Cagarras/Raso_101011_Thiago_Raso_Video1/;-32.390165;-3.814548;0
Cagarras/Raso_101011_Thiago_Raso_Video2/;-32.390165;-3.814548;0
Cagarras/Raso_101011_Thiago_Raso_Video3/;-32.390165;-3.814548;0
Cagarras/Raso_101011_Thiago_Raso_Video4/;-32.390165;-3.814548;0
Cagarras/Raso_101011_Thiago_Raso_Video5/;-32.390165;-3.814548;0
Cagarras/Raso_101011_Thiago_Raso_Video6/;-32.390165;-3.814548;0
Cagarras/Raso_101011_Thiago_Raso_Video7/;-32.390165;-3.814548;0
Conceicao/Fundo_031011_Renato_Fundo_Video1/;-32.414963;-3.83904;0
Conceicao/Fundo_031011_Thiago_Fundo_Video1/;-32.414963;-3.83904;0
Conceicao/Fundo_031011_Thiago_Fundo_Video2/;-32.414963;-3.83904;0
Conceicao/Fundo_031011_Thiago_Fundo_Video3/;-32.414963;-3.83904;0
Conceicao/Fundo_041011_Renato_Fundo_Video1/;-32.414963;-3.83904;0
Conceicao/Fundo_041011_Renato_Fundo_Video2/;-32.414963;-3.83904;0
Conceicao/Fundo_041011_Renato_Fundo_Video4/;-32.414963;-3.83904;0
Conceicao/Fundo_041011_Renato_Fundo_Video5/;-32.414963;-3.83904;0
Conceicao/Fundo_041011_Thiago_Fundo_Video1/;-32.414963;-3.83904;0
Conceicao/Fundo_041011_Thiago_Fundo_Video2/;-32.414963;-3.83904;0
Conceicao/Fundo_041011_Thiago_Fundo_Video3/;-32.414963;-3.83904;0
Conceicao/Fundo_041011_Thiago_Fundo_Video4/;-32.414963;-3.83904;0
Conceicao/Fundo_Filmagem1/;-32.414963;-3.83904;0
Conceicao/Fundo_FIlmagem2/;-32.414963;-3.83904;0
Conceicao/Fundo_FIlmagem3/;-32.414963;-3.83904;0
Conceicao/Raso_031011_Gui_Video1/;-32.414963;-3.83904;0
Conceicao/Raso_041011_Renato_Raso_Video1/;-32.414963;-3.83904;0
Conceicao/Raso_041011_Renato_Raso_Video2/;-32.414963;-3.83904;0
Conceicao/Raso_041011_Thiago_Raso_Video1/;-32.414963;-3.83904;0
Conceicao/Raso_041011_Thiago_Raso_Video2_nao/;-32.414963;-3.83904;0
Conceicao/Raso_051011_Gui_Raso_Video1/;-32.414963;-3.83904;0
Conceicao/Raso_051011_Gui_Raso_Video2/;-32.414963;-3.83904;0
Conceicao/Raso_051011_Gui_Raso_Video3/;-32.414963;-3.83904;0
Conceicao/Raso_051011_Gui_Raso_Video4/;-32.414963;-3.83904;1
Conceicao/Raso_051011_Gui_Raso_Video5/;-32.414963;-3.83904;0
Conceicao/Raso_051011_Thiago_Raso_Video2/;-32.414963;-3.83904;0
Conceicao/Raso_Filmagem1/;-32.414963;-3.83904;0
Conceicao/Raso_Filmagem2/;-32.414963;-3.83904;0
Conceicao/Raso_Filmagem4/;-32.414963;-3.83904;0
Sueste/Esq_071011_Cam_out_Video1/;-32.422785;-3.86684;0
Sueste/Esq_071011_Thiago_Video1/;-32.422785;-3.86684;0
Sueste/Esq_071011_Thiago_Video2/;-32.422785;-3.86684;0
Sueste/Esq_071011_Thiago_Video3/;-32.422785;-3.86684;0
Sueste/Esq_071011_Thiago_Video4/;-32.422785;-3.86684;0
Sueste/Esq_071011_Thiago_Video5/;-32.422785;-3.86684;0
Sueste/Esq_071011_Thiago_Video6/;-32.422785;-3.86684;0
Sueste/Esq_071011_Thiago_Video7/;-32.422785;-3.86684;0
Sueste/Esq_091011_Gui_Video1/;-32.422785;-3.86684;0
Sueste/Esq_091011_Gui_Video2/;-32.422785;-3.86684;0
Sueste/Esq_091011_Gui_Video3/;-32.422785;-3.86684;0
Sueste/Esq_091011_Gui_Video4/;-32.422785;-3.86684;0
Sueste/Esq_091011_Gui_Video5/;-32.422785;-3.86684;0
Sueste/Esq_091011_Gui_Video6/;-32.422785;-3.86684;0
Chapeir?s_04_03_2010/12/;-38.6625;-17.96277778;0
Chapeir?s_04_03_2010/13/;-38.6625;-17.96277778;0
Chapeir?s_04_03_2010/14/;-38.6625;-17.96277778;1
Chapeir?s_04_03_2010/15/;-38.6625;-17.96277778;1
Chapeir?s_04_03_2010/17/;-38.6625;-17.96277778;0
Chapeir?s_04_03_2010/23_ide/;-38.6625;-17.96277778;0
Chapeir?s_04_03_2010/24_ide/;-38.6625;-17.96277778;1
Chapeir?s_04_03_2010/25_ju/;-38.6625;-17.96277778;0
Chapeir?s_04_03_2010/3/;-38.6625;-17.96277778;0
Chapeir?s_04_03_2010/5/;-38.6625;-17.96277778;0
Chapeir?s_04_03_2010/6/;-38.6625;-17.96277778;0
Chapeir?s_04_03_2010/7/;-38.6625;-17.96277778;0
Chapeir?s_04_03_2010/8/;-38.6625;-17.96277778;0
Chapeir?s_04_03_2010/9/;-38.6625;-17.96277778;0
m;-38.6625;-17.96277778;0
Portinho_Norte_05_Mar?/1/;-38.69777778;-17.96138889;1
Portinho_Norte_05_Mar?/10/;-38.69777778;-17.96138889;0
Portinho_Norte_05_Mar?/11/;-38.69777778;-17.96138889;0
Portinho_Norte_05_Mar?/12/;-38.69777778;-17.96138889;0
Portinho_Norte_05_Mar?/13/;-38.69777778;-17.96138889;0
Portinho_Norte_05_Mar?/14/;-38.69777778;-17.96138889;0
Portinho_Norte_05_Mar?/15/;-38.69777778;-17.96138889;1
Portinho_Norte_05_Mar?/2/;-38.69777778;-17.96138889;0
Portinho_Norte_05_Mar?/24_ju/;-38.69777778;-17.96138889;0
Portinho_Norte_05_Mar?/25_ide/;-38.69777778;-17.96138889;0
Portinho_Norte_05_Mar?/4/;-38.69777778;-17.96138889;0
Portinho_Norte_05_Mar?/5/;-38.69777778;-17.96138889;0
Portinho_Norte_05_Mar?/6/;-38.69777778;-17.96138889;0
Portinho_Norte_05_Mar?/8/;-38.69777778;-17.96138889;0
Portinho_Norte_05_Mar?/9/;-38.69777778;-17.96138889;0
Siriba_02_Mar?_2010/1/;-38.71583333;-17.97055556;0
Siriba_02_Mar?_2010/10/;-38.71583333;-17.97055556;0
Siriba_02_Mar?_2010/11/;-38.71583333;-17.97055556;0
Siriba_02_Mar?_2010/12/;-38.71583333;-17.97055556;0
Siriba_02_Mar?_2010/13/;-38.71583333;-17.97055556;0
Siriba_02_Mar?_2010/14/;-38.71583333;-17.97055556;1
Siriba_02_Mar?_2010/15/;-38.71583333;-17.97055556;0
Siriba_02_Mar?_2010/17_ju/;-38.71583333;-17.97055556;0
Siriba_02_Mar?_2010/2/;-38.71583333;-17.97055556;1
Siriba_02_Mar?_2010/3/;-38.71583333;-17.97055556;0
Siriba_02_Mar?_2010/4/;-38.71583333;-17.97055556;1
Siriba_02_Mar?_2010/5/;-38.71583333;-17.97055556;0
Siriba_02_Mar?_2010/6/;-38.71583333;-17.97055556;0
Siriba_02_Mar?_2010/8/;-38.71583333;-17.97055556;0
Siriba_02_Mar?_2010/9/;-38.71583333;-17.97055556;0
Calheta/180612_10m_Video1/;-29.310286;-20.507457;0
Calheta/180612_10m_Video2/;-29.310286;-20.507457;0
Calheta/180612_10m_Video3/;-29.310286;-20.507457;0
Calheta/180612_10m_Video4/;-29.310286;-20.507457;0
Calheta/180612_10m_Video5/;-29.310286;-20.507457;0
Calheta/180612_10m_Video6/;-29.310286;-20.507457;0
Calheta/180712_5m_Video3/;-29.310286;-20.507457;0
Calheta/180712_5m_Video4/;-29.310286;-20.507457;0
Calheta/180712_5m_Video5/;-29.310286;-20.507457;0
Calheta/210712_5m_Video10/;-29.310286;-20.507457;0
Calheta/210712_5m_Video11/;-29.310286;-20.507457;0
Calheta/210712_5m_Video12/;-29.310286;-20.507457;0
Calheta/210712_5m_Video13/;-29.310286;-20.507457;0
Calheta/210712_5m_Video14/;-29.310286;-20.507457;0
Calheta/210712_5m_Video15/;-29.310286;-20.507457;0
Calheta/210712_5m_Video8/;-29.310286;-20.507457;0
Calheta/210712_5m_Video9/;-29.310286;-20.507457;0
Calheta/260612_10m_Video29/;-29.310286;-20.507457;0
Calheta/260612_10m_Video30/;-29.310286;-20.507457;0
Calheta/260612_10m_Video32/;-29.310286;-20.507457;0
Calheta/260612_10m_Video33/;-29.310286;-20.507457;0
Calheta/260612_10m_Video34/;-29.310286;-20.507457;0
Calheta/260612_10m_Video35/;-29.310286;-20.507457;0
Calheta/260612_10m_Video36/;-29.310286;-20.507457;0
Farrilhoes/020712_10m_Video46/;-29.497889;-20.522617;0
Farrilhoes/020712_10m_Video47/;-29.497889;-20.522617;0
Farrilhoes/020712_10m_Video48/;-29.497889;-20.522617;0
Farrilhoes/020712_10m_Video49/;-29.497889;-20.522617;0
Farrilhoes/020712_10m_Video50/;-29.497889;-20.522617;0
Farrilhoes/020712_10m_Video51/;-29.497889;-20.522617;0
Farrilhoes/020712_10m_Video52/;-29.497889;-20.522617;0
Farrilhoes/040712_5m_Reserva4/;-29.497889;-20.522617;0
Farrilhoes/040712_5m_Video55/;-29.497889;-20.522617;0
Farrilhoes/040712_5m_Video57/;-29.497889;-20.522617;0
Farrilhoes/040712_5m_Video58/;-29.497889;-20.522617;0
Farrilhoes/040712_5m_Video59/;-29.497889;-20.522617;0
Farrilhoes/040712_5m_Video60/;-29.497889;-20.522617;0
Farrilhoes/040712_5m_Video61/;-29.497889;-20.522617;0
Farrilhoes/140812_10m_Video62/;-29.497889;-20.522617;0
Farrilhoes/250712_5m_Video28/;-29.497889;-20.522617;0
Farrilhoes/250712_5m_Video29/;-29.497889;-20.522617;0
Orelha/050712_10m_Video64/;-29.343099;-20.492485;0
Orelha/050712_10m_Video67/;-29.343099;-20.492485;0
Orelha/050712_5m_Video65/;-29.343099;-20.492485;0
Orelha/050712_5m_Video66/;-29.343099;-20.492485;0
Orelha/100812_10m_Video51/;-29.343099;-20.492485;0
Orelha/100812_10m_Video52/;-29.343099;-20.492485;0
Orelha/100812_10m_Video53/;-29.343099;-20.492485;0
Orelha/100812_10m_Video54/;-29.343099;-20.492485;0
Orelha/100812_10m_Video55/;-29.343099;-20.492485;0
Orelha/220612_10m_Video17/;-29.343099;-20.492485;0
Orelha/220612_10m_Video18/;-29.343099;-20.492485;1
Orelha/220612_10m_Video19/;-29.343099;-20.492485;0
Orelha/220612_10m_Video20/;-29.343099;-20.492485;1
Orelha/220612_10m_Video21/;-29.343099;-20.492485;0
Orelha/220612_10m_Video22/;-29.343099;-20.492485;0
Orelha/250612_10m_Video24/;-29.343099;-20.492485;0
Orelha/250612_10m_Video25/;-29.343099;-20.492485;0
Orelha/250712_5m_Video32/;-29.343099;-20.492485;0
Ilha das Cabras/01_CABRAS_IDE_2602_RASO_GOPRO3_VIDEO3/;-45.393889;-23.830333;0
Ilha das Cabras/02_CABRAS_LU_2602_RASO_GOPRO3_VIDEO1/;-45.393889;-23.830333;0
Ilha das Cabras/03_CABRAS_LU_2602_RASO_GOPRO3_VIDEO2/;-45.393889;-23.830333;0
Ilha das Cabras/04_IlhadasCabras_Juan_Raso_0403_GoPro1_Video1/;-45.393889;-23.830333;0
Ilha das Cabras/05_IlhadasCabras_Juan_Raso_0403_GoPro1_Video2/;-45.393889;-23.830333;1
Ilha das Cabras/06_IlhadasCabras_Juan_Raso_0403_GoPro1_Video3/;-45.393889;-23.830333;0
Ilha das Cabras/07_IlhadasCabras_Juan_Raso_0403_GoPro2_Video1/;-45.393889;-23.830333;0
Ilha das Cabras/08_IlhadasCabras_Juan_Raso_0403_GoPro2_Video2/;-45.393889;-23.830333;0
Ilha das Cabras/09_IlhadasCabras_Juan_Raso_0403_GoPro2_Video3/;-45.393889;-23.830333;0
Ilha das Cabras/1_IlhadasCabras_Juan_Fundo_0403_GoPro1_Video1/;-45.393889;-23.830333;0
Ilha das Cabras/10_IlhadasCabras_Juan_Raso_0403_GoPro2_Video4/;-45.393889;-23.830333;0
Ilha das Cabras/10_IlhadasCabras_Lu_0403_Fundo_GoProLu_Video2/;-45.393889;-23.830333;0
Ilha das Cabras/11_IlhadasCabras_Juan_Raso_0403_GoPro2_Video5/;-45.393889;-23.830333;0
Ilha das Cabras/11_IlhadasCabras_Lu_0403_Fundo_GoProLu_Video3/;-45.393889;-23.830333;0
Ilha das Cabras/12_IlhadasCabras_Lu_0403_Fundo_GoProLu_Video4/;-45.393889;-23.830333;0
Ilha das Cabras/12_IlhadasCabras_Lu_0403_Raso_GoProLu_Video4/;-45.393889;-23.830333;0
Ilha das Cabras/13_IlhadasCabras_Lu_0403_Fundo_GoProRe_Video1/;-45.393889;-23.830333;0
Ilha das Cabras/14_IlhadasCabras_Lu_0403_Fundo_GoProRe_Video2/;-45.393889;-23.830333;0
Ilha das Cabras/15_IlhadasCabras_Lu_0403_Fundo_GoProRe_Video3/;-45.393889;-23.830333;0
Ilha das Cabras/2_IlhadasCabras_Juan_Fundo_0403_GoPro1_Video2/;-45.393889;-23.830333;0
Ilha das Cabras/3_IlhadasCabras_Juan_Fundo_0403_GoPro1_Video3/;-45.393889;-23.830333;0
Ilha das Cabras/4_IlhadasCabras_Juan_Fundo_0403_GoPro1_Video4/;-45.393889;-23.830333;0
Ilha das Cabras/5_IlhadasCabras_Juan_Fundo_0403_GoPro2_Video1/;-45.393889;-23.830333;0
Ilha das Cabras/6_IlhadasCabras_Juan_Fundo_0403_GoPro2_Video2/;-45.393889;-23.830333;0
Ilha das Cabras/7_IlhadasCabras_Juan_Fundo_0403_GoPro2_Video3/;-45.393889;-23.830333;0
Ilha das Cabras/8_IlhadasCabras_Juan_Fundo_0403_GoPro2_Video4/;-45.393889;-23.830333;0
Ilha das Cabras/9_IlhadasCabras_Lu_0403_Fundo_GoProLu_Video1/;-45.393889;-23.830333;0
Portinho Sul_Alcatrazes/01_Alcatrazes_Juan_0503_GoPro2_Video1/;-45.702491;-24.105182;1
Portinho Sul_Alcatrazes/01_Alcatrazes_Juan_Fundo_0503_GoPro1_Video1/;-45.702491;-24.105182;0
Portinho Sul_Alcatrazes/02_Alcatrazes_Juan_0503_GoPro2_Video2/;-45.702491;-24.105182;1
Portinho Sul_Alcatrazes/02_Alcatrazes_Juan_Fundo_0503_GoPro1_Video2/;-45.702491;-24.105182;0
Portinho Sul_Alcatrazes/03_Alcatrazes_Juan_0503_GoPro2_Video3/;-45.702491;-24.105182;1
Portinho Sul_Alcatrazes/03_Alcatrazes_Juan_Fundo_0503_GoPro1_Video3/;-45.702491;-24.105182;0
Portinho Sul_Alcatrazes/04_Alcatrazes_Juan_0503_GoPro2_Video4/;-45.702491;-24.105182;1
Portinho Sul_Alcatrazes/04_Alcatrazes_Juan_Fundo_0503_GoPro1_Video4/;-45.702491;-24.105182;0
Portinho Sul_Alcatrazes/05_Alcatrazes_Juan_0503_GoPro2_Video5/;-45.702491;-24.105182;1
Portinho Sul_Alcatrazes/05_Alcatrazes_Juan_Fundo_0503_GoPro2_Video1/;-45.702491;-24.105182;1
Portinho Sul_Alcatrazes/06_Alcatrazes_Juan_0503_GoPro2_Video6/;-45.702491;-24.105182;0
Portinho Sul_Alcatrazes/06_Alcatrazes_Juan_Fundo_0503_GoPro2_Video2/;-45.702491;-24.105182;1
Portinho Sul_Alcatrazes/07_Alcatrazes_Juan_Fundo_0503_GoPro2_Video3/;-45.702491;-24.105182;1
Portinho Sul_Alcatrazes/07_Portinho_Lu_0503_Raso_GoPro1_Video1/;-45.702491;-24.105182;1
Portinho Sul_Alcatrazes/08_Alcatrazes_Juan_Fundo_0503_GoPro2_Video4/;-45.702491;-24.105182;1
Portinho Sul_Alcatrazes/08_Portinho_Lu_0503_Raso_GoPro1_Video2/;-45.702491;-24.105182;1
Portinho Sul_Alcatrazes/09_Portinho_Lu_0503_Raso_GoPro1_Video3/;-45.702491;-24.105182;1
Portinho Sul_Alcatrazes/09_PortinhoSul_Lu_0503_Fundo_GoProLu_Video3-SemTamanho/;-45.702491;-24.105182;1
Portinho Sul_Alcatrazes/10_Portinho_Lu_0503_Raso_GoPro1_Video4/;-45.702491;-24.105182;0
Portinho Sul_Alcatrazes/10_PortinhoSul_Lu_0503_Fundo_GoProLu_Video4/;-45.702491;-24.105182;1
Portinho Sul_Alcatrazes/11_PortinhoSul_Lu_0503_Raso_GoProLu_Video1/;-45.702491;-24.105182;1
Portinho Sul_Alcatrazes/12_PortinhoSul_Lu_0503_Raso_GoProLu_Video2/;-45.702491;-24.105182;1
Saco do Diogo/01_Diogo_Lu_0103_Raso_GoPro2_Video1/;-45.283621;-23.935384;0
Saco do Diogo/01_SacodoDiogo_Juan_Fundo_0103_GoPro1_Video1/;-45.283621;-23.935384;0
Saco do Diogo/02_Diogo_Lu_0103_Raso_GoPro2_Video2/;-45.283621;-23.935384;1
Saco do Diogo/02_SacodoDiogo_Juan_Fundo_0103_GoPro1_Video2/;-45.283621;-23.935384;0
Saco do Diogo/03_Diogo_Lu_0103_Raso_GoPro2_Video3/;-45.283621;-23.935384;1
Saco do Diogo/03_SacodoDiogo_Juan_Fundo_0103_GoPro1_Video3/;-45.283621;-23.935384;1
Saco do Diogo/04_Diogo_Lu_0103_Raso_GoPro2_Video4/;-45.283621;-23.935384;1
Saco do Diogo/04_SacodoDiogo_Juan_Fundo_0103_GoPro1_Video4/;-45.283621;-23.935384;0
Saco do Diogo/05_Diogo_Lu_0103_Raso_GoPro2_Video5/;-45.283621;-23.935384;1
Saco do Diogo/05_SacodoDiogo_Juan_Fundo_0103_GoPro1_Video5/;-45.283621;-23.935384;0
Saco do Diogo/06_SacodoDiogo_Juan_Fundo_0103_GoPro1_Video6/;-45.283621;-23.935384;0
Saco do Diogo/07_Diogo_Lu_0103_Raso_GoProLu_Video1/;-45.283621;-23.935384;0
Saco do Diogo/07_SacodoDiogo_Juan_Fundo_0103_GoPro1_Video7/;-45.283621;-23.935384;1
Saco do Diogo/08_Diogo_Lu_0103_Raso_GoProLu_Video2/;-45.283621;-23.935384;0
Saco do Diogo/08_SacodoDiogo_Juan_Fundo_0103_GoPro1_Video8/;-45.283621;-23.935384;0
Saco do Diogo/09_SacodoDiogo_Juan_Fundo_0103_GoPro1_Video9/;-45.283621;-23.935384;0
Saco do Diogo/10_Diogo_Lu_0103_Raso_GoProLu_Video4/;-45.283621;-23.935384;1
Saco do Diogo/10_SacodoDiogo_Juan_Fundo_0103_GoProRe_Video1/;-45.283621;-23.935384;0
Saco do Diogo/11_Diogo_Lu_0103_Raso_GoProLu_Video5/;-45.283621;-23.935384;1
Saco do Diogo/11_SacodoDiogo_Juan_Fundo_0103_GoProRe_Video2/;-45.283621;-23.935384;0
Saco do Diogo/12_SacodoDiogo_Juan_Fundo_0103_GoProRe_Video3/;-45.283621;-23.935384;1
Saco do Diogo/13_Diogo_Lu_0103_Raso_GoProLu_Video7/;-45.283621;-23.935384;1
Saco do Sombrio/01_SacodoSombrio_Juan_2802_Fundo_GoPro2_Video1/;-45.243995;-23.893302;0
Saco do Sombrio/01_SacodoSombrio_Lu_2802_Raso_GoPro1_Video1/;-45.243995;-23.893302;1
Saco do Sombrio/02_SacodoSombrio_Juan_2802_Fundo_GoPro2_Video2/;-45.243995;-23.893302;0
Saco do Sombrio/02_SacodoSombrio_Lu_2802_Raso_GoPro1_Video2/;-45.243995;-23.893302;1
Saco do Sombrio/03_SacodoSombrio_Juan_2802_Fundo_GoPro2_Video3/;-45.243995;-23.893302;0
Saco do Sombrio/03_SacodoSombrio_Lu_2802_Raso_GoPro1_Video3/;-45.243995;-23.893302;0
Saco do Sombrio/04_SacodoSombrio_Juan_2802_Fundo_GoPro2_Video4/;-45.243995;-23.893302;0
Saco do Sombrio/04_SacodoSombrio_Lu_2802_Raso_GoPro1_Video4/;-45.243995;-23.893302;1
Saco do Sombrio/05_SacodoSombrio_Juan_2802_Fundo_GoPro2_Video5/;-45.243995;-23.893302;0
Saco do Sombrio/05_SacodoSombrio_Lu_2802_Raso_GoPro1_Video5/;-45.243995;-23.893302;1
Saco do Sombrio/06_SacodoSombrio_Lu_2802_Raso_GoProLu_Video1/;-45.243995;-23.893302;1
Saco do Sombrio/07_SacodoSombrio_Juan_2802_Fundo_GoPro2_Video7/;-45.243995;-23.893302;0
Saco do Sombrio/07_SacodoSombrio_Lu_2802_Raso_GoProLu_Video2/;-45.243995;-23.893302;0
Saco do Sombrio/08_SacodoSombrio_Juan_2802_Fundo_GoPro2_Video8/;-45.243995;-23.893302;0
Saco do Sombrio/08_SacodoSombrio_Lu_2802_Raso_GoProLu_Video3/;-45.243995;-23.893302;0
Saco do Sombrio/09_SacodoSombrio_Juan_2802_Fundo_GoProRe_Video1/;-45.243995;-23.893302;1
Saco do Sombrio/09_SacodoSombrio_Lu_2802_Raso_GoProLu_Video4/;-45.243995;-23.893302;0
Saco do Sombrio/10_SacodoSombrio_Juan_2802_Fundo_GoProRe_Video2/;-45.243995;-23.893302;0
Saco do Sombrio/10_SacodoSombrio_Lu_2802_Raso_GoProLu_Video5/;-45.243995;-23.893302;1
Saco do Sombrio/11_SacodoSombrio_Juan_2802_Fundo_GoProRe_Video3/;-45.243995;-23.893302;0
Saco do Sombrio/11_SacodoSombrio_Lu_2802_Raso_GoProLu_Video6/;-45.243995;-23.893302;0
Saco do Sombrio/12_SacodoSombrio_Juan_2802_Fundo_GoProRe_Video4/;-45.243995;-23.893302;0
Deserta_06_04_2011/Filmagem_Fundo_1/;-48.331675;-27.264465;0
Deserta_06_04_2011/Filmagem_Fundo_10/;-48.331675;-27.264465;0
Deserta_06_04_2011/Filmagem_Fundo_11/;-48.331675;-27.264465;0
Deserta_06_04_2011/Filmagem_Fundo_12/;-48.331675;-27.264465;0
Deserta_06_04_2011/Filmagem_Fundo_13/;-48.331675;-27.264465;0
Deserta_06_04_2011/Filmagem_Fundo_14/;-48.331675;-27.264465;0
Deserta_06_04_2011/Filmagem_Fundo_15/;-48.331675;-27.264465;0
Deserta_06_04_2011/Filmagem_Fundo_2/;-48.331675;-27.264465;0
Deserta_06_04_2011/Filmagem_Fundo_3/;-48.331675;-27.264465;0
Deserta_06_04_2011/Filmagem_Fundo_4/;-48.331675;-27.264465;0
Deserta_06_04_2011/Filmagem_Fundo_5/;-48.331675;-27.264465;0
Deserta_06_04_2011/Filmagem_Fundo_6/;-48.331675;-27.264465;0
Deserta_06_04_2011/Filmagem_Fundo_7/;-48.331675;-27.264465;0
Deserta_06_04_2011/Filmagem_Fundo_8/;-48.331675;-27.264465;0
Deserta_06_04_2011/Filmagem_Fundo_9/;-48.331675;-27.264465;0
Deserta_06_04_2011/Filmagem_Raso_1/;-48.331675;-27.264465;0
Deserta_06_04_2011/Filmagem_Raso_10/;-48.331675;-27.264465;0
Deserta_06_04_2011/Filmagem_Raso_11/;-48.331675;-27.264465;0
Deserta_06_04_2011/Filmagem_Raso_12/;-48.331675;-27.264465;0
Deserta_06_04_2011/Filmagem_Raso_13/;-48.331675;-27.264465;0
Deserta_06_04_2011/Filmagem_Raso_14/;-48.331675;-27.264465;0
Deserta_06_04_2011/Filmagem_Raso_15/;-48.331675;-27.264465;0
Deserta_06_04_2011/Filmagem_Raso_2/;-48.331675;-27.264465;0
Deserta_06_04_2011/Filmagem_Raso_3/;-48.331675;-27.264465;0
Deserta_06_04_2011/Filmagem_Raso_4/;-48.331675;-27.264465;0
Deserta_06_04_2011/Filmagem_Raso_5/;-48.331675;-27.264465;0
Deserta_06_04_2011/Filmagem_Raso_6/;-48.331675;-27.264465;0
Deserta_06_04_2011/Filmagem_Raso_7/;-48.331675;-27.264465;0
Deserta_06_04_2011/Filmagem_Raso_8/;-48.331675;-27.264465;0
Deserta_06_04_2011/Filmagem_Raso_9/;-48.331675;-27.264465;0
Saco_dAgua_05-04-2011/Filmagem_Fundo_1/;-48.368482;-27.277044;0
Saco_dAgua_05-04-2011/Filmagem_Fundo_10/;-48.368482;-27.277044;0
Saco_dAgua_05-04-2011/Filmagem_Fundo_11/;-48.368482;-27.277044;0
Saco_dAgua_05-04-2011/Filmagem_Fundo_12/;-48.368482;-27.277044;0
Saco_dAgua_05-04-2011/Filmagem_Fundo_13/;-48.368482;-27.277044;0
Saco_dAgua_05-04-2011/Filmagem_Fundo_14/;-48.368482;-27.277044;0
Saco_dAgua_05-04-2011/Filmagem_Fundo_2/;-48.368482;-27.277044;0
Saco_dAgua_05-04-2011/Filmagem_Fundo_3/;-48.368482;-27.277044;0
Saco_dAgua_05-04-2011/Filmagem_Fundo_4/;-48.368482;-27.277044;0
Saco_dAgua_05-04-2011/Filmagem_Fundo_5/;-48.368482;-27.277044;0
Saco_dAgua_05-04-2011/Filmagem_Fundo_6/;-48.368482;-27.277044;0
Saco_dAgua_05-04-2011/Filmagem_Fundo_7/;-48.368482;-27.277044;0
Saco_dAgua_05-04-2011/Filmagem_Fundo_8/;-48.368482;-27.277044;0
Saco_dAgua_05-04-2011/Filmagem_Fundo_9/;-48.368482;-27.277044;0
Saco_dAgua_05-04-2011/Filmagem_Raso_1/;-48.368482;-27.277044;0
Saco_dAgua_05-04-2011/Filmagem_Raso_10/;-48.368482;-27.277044;0
Saco_dAgua_05-04-2011/Filmagem_Raso_2/;-48.368482;-27.277044;0
Saco_dAgua_05-04-2011/Filmagem_Raso_3/;-48.368482;-27.277044;0
Saco_dAgua_05-04-2011/Filmagem_Raso_4/;-48.368482;-27.277044;0
Saco_dAgua_05-04-2011/Filmagem_Raso_5/;-48.368482;-27.277044;0
Saco_dAgua_05-04-2011/Filmagem_Raso_6/;-48.368482;-27.277044;0
Saco_dAgua_05-04-2011/Filmagem_Raso_7/;-48.368482;-27.277044;0
Saco_dAgua_05-04-2011/Filmagem_Raso_8/;-48.368482;-27.277044;0
Saco_dAgua_05-04-2011/Filmagem_Raso_9/;-48.368482;-27.277044;0
Xavier_08_04_2011/Filmagem_Fundo_1/;-48.387576;-27.603507;0
Xavier_08_04_2011/Filmagem_Fundo_2/;-48.387576;-27.603507;0
Xavier_08_04_2011/Filmagem_Fundo_3/;-48.387576;-27.603507;0
Xavier_08_04_2011/Filmagem_Fundo_4/;-48.387576;-27.603507;0
Xavier_08_04_2011/Filmagem_Fundo_5/;-48.387576;-27.603507;0
Xavier_08_04_2011/Filmagem_Fundo_6/;-48.387576;-27.603507;0
Xavier_08_04_2011/Filmagem_Raso_1/;-48.387576;-27.603507;0
Xavier_08_04_2011/Filmagem_Raso_2/;-48.387576;-27.603507;0
Xavier_08_04_2011/Filmagem_Raso_3/;-48.387576;-27.603507;0
Xavier_08_04_2011/Filmagem_Raso_4/;-48.387576;-27.603507;0
Xavier_08_04_2011/Filmagem_Raso_5/;-48.387576;-27.603507;0
Xavier_08_04_2011/Filmagem_Raso_6/;-48.387576;-27.603507;0
Xavier_08_04_2011/Filmagem_Raso_7/;-48.387576;-27.603507;0
Xavier_08_04_2011/Filmagem_Raso_8/;-48.387576;-27.603507;0
Batente das Agulhas/BatenteAgulhas_260313_Video1/;-35.0725;-5.56435;0
Batente das Agulhas/BatenteAgulhas_260313_Video2/;-35.0725;-5.56435;0
Batente das Agulhas/BatenteAgulhas_260313_Video4/;-35.0725;-5.56435;0
Batente das Agulhas/BatenteAgulhas_260313_Video5/;-35.0725;-5.56435;0
Batente das Agulhas/BatenteAgulhas_260313_Video6/;-35.0725;-5.56435;0
Batente das Agulhas/BatenteAgulhas_260313_Video7/;-35.0725;-5.56435;0
Batente das Agulhas/BatenteAgulhas_260313_Video8/;-35.0725;-5.56435;0
Batente das Agulhas/BatenteAgulhas_260313_Video9/;-35.0725;-5.56435;0
Maracajau/161011_Gui_Video1/;-35.258986;-5.394114;0
Maracajau/161011_Gui_Video2/;-35.258986;-5.394114;0
Maracajau/161011_Gui_Video3/;-35.258986;-5.394114;0
Maracajau/161011_Renato_Video1/;-35.258986;-5.394114;0
Maracajau/161011_Renato_Video2/;-35.258986;-5.394114;0
Maracajau/161011_Thiago_Video1/;-35.258986;-5.394114;0
Maracajau/161011_Thiago_Video2/;-35.258986;-5.394114;0
Maracajau/161011_Thiago_Video3/;-35.258986;-5.394114;0
Maracajau/171011_Gui_Video2/;-35.258986;-5.394114;0
Maracajau/171011_Gui_Video3/;-35.258986;-5.394114;0
Maracajau/171011_Renato_Video1/;-35.258986;-5.394114;0
Maracajau/171011_Thiago_Video1/;-35.258986;-5.394114;0
Maracajau/181011_Thiago_Video1/;-35.258986;-5.394114;0
Maracajau/181011_Thiago_Video2/;-35.258986;-5.394114;0
Parrachos Rio do Fogo/Parrachos_290313_Video10/;-35.363432;-5.262117;0
Parrachos Rio do Fogo/Parrachos_290313_Video2/;-35.363432;-5.262117;0
Parrachos Rio do Fogo/Parrachos_290313_Video3/;-35.363432;-5.262117;0
Parrachos Rio do Fogo/Parrachos_290313_Video4/;-35.363432;-5.262117;0
Parrachos Rio do Fogo/Parrachos_290313_Video6/;-35.363432;-5.262117;0
Parrachos Rio do Fogo/Parrachos_290313_Video7/;-35.363432;-5.262117;0
Parrachos Rio do Fogo/Parrachos_290313_Video8/;-35.363432;-5.262117;0
Parrachos Rio do Fogo/Parrachos_290313_Video9/;-35.363432;-5.262117;0
Pedra do Silva/#01/;-35.090067;-5.564467;0
Pedra do Silva/#02/;-35.090067;-5.564467;0
Pedra do Silva/#03/;-35.090067;-5.564467;0
Pedra do Silva/#04/;-35.090067;-5.564467;0
Pedra do Silva/#05/;-35.090067;-5.564467;0
Pedra do Silva/#06/;-35.090067;-5.564467;0
Pedra do Silva/#07/;-35.090067;-5.564467;0
Pedra do Silva/#08/;-35.090067;-5.564467;0
Pedra do Silva/#09/;-35.090067;-5.564467;0
Pedra do Silva/#10/;-35.090067;-5.564467;0
Pedra do Silva/#11/;-35.090067;-5.564467;0
Pedra do Silva/#12/;-35.090067;-5.564467;0
Pedra do Silva/#13/;-35.090067;-5.564467;0
Pedra do Silva/#14/;-35.090067;-5.564467;0
FUNDO/PML_ANACRIS_17ABRIL13_JPQ_GOPRO1_V1/;-44.264283;-0.869867;0
FUNDO/PML_ANACRIS_17ABRIL13_JPQ_GOPRO1_V2/;-44.264283;-0.869867;0
FUNDO/PML_ANACRIS_17ABRIL13_JPQ_GOPRO1_V3/;-44.264283;-0.869867;0
FUNDO/PML_ANACRIS_17ABRIL13_JPQ_GOPRO1_V4/;-44.264283;-0.869867;0
FUNDO/PML_ANACRIS_17ABRIL13_JPQ_GOPRO1_V5/;-44.264283;-0.869867;0
FUNDO/PML_ANACRIS_17ABRIL13_JPQ_GOPRO2_V1/;-44.264283;-0.869867;0
FUNDO/PML_ANACRIS_17ABRIL13_JPQ_GOPRO2_V2/;-44.264283;-0.869867;0
FUNDO/PML_ANACRIS_17ABRIL13_JPQ_GOPRO2_V3/;-44.264283;-0.869867;0
FUNDO/PML_ANACRIS_17ABRIL13_JPQ_GOPRO2_V4/;-44.264283;-0.869867;0
FUNDO/PML_ANACRIS_18ABRIL13_JPQ_GOPRO1_V1/;-44.264283;-0.869867;0
FUNDO/PML_ANACRIS_18ABRIL13_JPQ_GOPRO1_V2/;-44.264283;-0.869867;0
FUNDO/PML_ANACRIS_18ABRIL13_JPQ_GOPRO2_V1/;-44.264283;-0.869867;0
FUNDO/PML_ANACRIS_18ABRIL13_JPQ_GOPRO2_V2/;-44.264283;-0.869867;0
FUNDO/PML_ANACRIS_18ABRIL13_JPQ_GOPRO3_V1/;-44.264283;-0.869867;0
FUNDO/PML_ANACRIS_18ABRIL13_JPQ_GOPRO3_V2/;-44.264283;-0.869867;0
RASO/PML_ANACRIS_18ABRIL13_JPQ_GOPRO1_V1/;-44.264283;-0.869867;0
RASO/PML_ANACRIS_18ABRIL13_JPQ_GOPRO1_V2/;-44.264283;-0.869867;0
RASO/PML_ANACRIS_18ABRIL13_JPQ_GOPRO1_V3/;-44.264283;-0.869867;0
RASO/PML_ANACRIS_18ABRIL13_JPQ_GOPRO2_V1/;-44.264283;-0.869867;0
RASO/PML_ANACRIS_18ABRIL13_JPQ_GOPRO2_V2/;-44.264283;-0.869867;0
RASO/PML_ANACRIS_18ABRIL13_JPQ_GOPRO3_V1/;-44.264283;-0.869867;0
RASO/PML_ANACRIS_18ABRIL13_JPQ_GOPRO3_V2/;-44.264283;-0.869867;0
Ilha_Escalvada/Escalvada_anaide_21fev2014_fundo_gopro2_1/;-40.407589;-20.699631;0
Ilha_Escalvada/Escalvada_anaide_21fev2014_fundo_gopro5_1/;-40.407589;-20.699631;0
Ilha_Escalvada/Escalvada_anaide_21fev2014_fundo_gopro5_2/;-40.407589;-20.699631;0
Ilha_Escalvada/Escalvada_anaide_21fev2014_fundo_goproLu_1/;-40.407589;-20.699631;0
Ilha_Escalvada/Escalvada_davi_24fev2014_raso_gopro2_1/;-40.407589;-20.699631;0
Ilha_Escalvada/Escalvada_davi_24fev2014_raso_gopro2_2/;-40.407589;-20.699631;0
Ilha_Escalvada/Escalvada_davi_24fev2014_raso_gopro2_3/;-40.407589;-20.699631;0
Ilha_Escalvada/Escalvada_davi_24fev2014_raso_gopro3_1/;-40.407589;-20.699631;0
Ilha_Escalvada/Escalvada_davi_24fev2014_raso_gopro3_2/;-40.407589;-20.699631;0
Ilha_Escalvada/Escalvada_davi_24fev2014_raso_gopro3_3/;-40.407589;-20.699631;0
Ilha_Escalvada/Escalvada_davi_24fev2014_raso_gopro3_4/;-40.407589;-20.699631;0
Ilha_Escalvada/Escalvada_davi_24fev2014_raso_gopro4_1/;-40.407589;-20.699631;0
Ilha_Escalvada/Escalvada_davi_24fev2014_raso_gopro4_2/;-40.407589;-20.699631;0
Ilha_Escalvada/Escalvada_davi_24fev2014_raso_gopro4_3/;-40.407589;-20.699631;0
Ilha_Escalvada/Escalvada_davi_24fev2014_raso_gopro5_1/;-40.407589;-20.699631;0
Ilha_Escalvada/Escalvada_davi_24fev2014_raso_gopro5_2/;-40.407589;-20.699631;0
Ilha_Escalvada/Escalvada_davi_24fev2014_raso_gopro5_3/;-40.407589;-20.699631;0
Ilha_Escalvada/Escalvada_davi_24fev2014_raso_goproLu_1/;-40.407589;-20.699631;0
Ilha_Escalvada/Escalvada_davi_24fev2014_raso_goproLu_2/;-40.407589;-20.699631;0
Ilha_Escalvada/Escalvada_edson_21fev2014_fundo_gopro2_2/;-40.407589;-20.699631;0
Ilha_Escalvada/Escalvada_edson_21fev2014_fundo_gopro2_3/;-40.407589;-20.699631;0
Ilha_Escalvada/Escalvada_edson_21fev2014_fundo_gopro2_4/;-40.407589;-20.699631;0
Ilha_Escalvada/Escalvada_edson_21fev2014_fundo_gopro3_1/;-40.407589;-20.699631;0
Ilha_Escalvada/Escalvada_edson_21fev2014_fundo_gopro3_2/;-40.407589;-20.699631;0
Ilha_Escalvada/Escalvada_edson_21fev2014_fundo_gopro3_3/;-40.407589;-20.699631;0
Ilha_Escalvada/Escalvada_edson_21fev2014_fundo_gopro3_4/;-40.407589;-20.699631;0
Ilha_Escalvada/Escalvada_edson_21fev2014_fundo_gopro5_3/;-40.407589;-20.699631;0
Ilha_Escalvada/Escalvada_edson_21fev2014_fundo_gopro5_4/;-40.407589;-20.699631;0
Ilha_Escalvada/Escalvada_edson_21fev2014_fundo_gopro5_5/;-40.407589;-20.699631;0
Ilha_Escalvada/Escalvada_edson_21fev2014_fundo_gopro6_1/;-40.407589;-20.699631;0
Ilha_Rasa/Rasa_anaide_22fev2014_fundo_gopro2_1/;-40.366164;-20.676614;0
Ilha_Rasa/Rasa_anaide_22fev2014_fundo_gopro2_2/;-40.366164;-20.676614;0
Ilha_Rasa/Rasa_anaide_22fev2014_fundo_gopro2_3/;-40.366164;-20.676614;0
Ilha_Rasa/Rasa_anaide_22fev2014_fundo_gopro3_1/;-40.366164;-20.676614;0
Ilha_Rasa/Rasa_anaide_22fev2014_fundo_gopro3_2/;-40.366164;-20.676614;0
Ilha_Rasa/Rasa_anaide_22fev2014_fundo_gopro3_3/;-40.366164;-20.676614;0
Ilha_Rasa/Rasa_anaide_22fev2014_fundo_gopro4_1/;-40.366164;-20.676614;0
Ilha_Rasa/Rasa_anaide_22fev2014_fundo_gopro4_2/;-40.366164;-20.676614;0
Ilha_Rasa/Rasa_anaide_22fev2014_fundo_gopro4_3/;-40.366164;-20.676614;0
Ilha_Rasa/Rasa_anaide_22fev2014_raso_gopro2_4/;-40.366164;-20.676614;0
Ilha_Rasa/Rasa_anaide_22fev2014_raso_gopro2_5/;-40.366164;-20.676614;0
Ilha_Rasa/Rasa_anaide_22fev2014_raso_gopro2_6/;-40.366164;-20.676614;0
Ilha_Rasa/Rasa_anaide_22fev2014_raso_gopro3_4/;-40.366164;-20.676614;0
Ilha_Rasa/Rasa_anaide_22fev2014_raso_gopro3_5/;-40.366164;-20.676614;0
Ilha_Rasa/Rasa_anaide_22fev2014_raso_gopro3_6/;-40.366164;-20.676614;0
Ilha_Rasa/Rasa_anaide_22fev2014_raso_gopro4_4/;-40.366164;-20.676614;0
Ilha_Rasa/Rasa_anaide_22fev2014_raso_gopro4_5/;-40.366164;-20.676614;0
Ilha_Rasa/Rasa_davi_22fev2014_fundo_gopro_Lu_6/;-40.366164;-20.676614;0
Ilha_Rasa/Rasa_davi_22fev2014_fundo_gopro5_4/;-40.366164;-20.676614;0
Ilha_Rasa/Rasa_davi_22fev2014_fundo_gopro5_5/;-40.366164;-20.676614;0
Ilha_Rasa/Rasa_davi_22fev2014_fundo_gopro5_6/;-40.366164;-20.676614;0
Ilha_Rasa/Rasa_davi_22fev2014_fundo_Lu_4/;-40.366164;-20.676614;0
Ilha_Rasa/Rasa_davi_22fev2014_fundo_Lu_5/;-40.366164;-20.676614;0
Ilha_Rasa/Rasa_davi_22fev2014_raso_gopro5_1/;-40.366164;-20.676614;0
Ilha_Rasa/Rasa_davi_22fev2014_raso_gopro5_2/;-40.366164;-20.676614;0
Ilha_Rasa/Rasa_davi_22fev2014_raso_gopro5_3/;-40.366164;-20.676614;0
Ilha_Rasa/Rasa_davi_22fev2014_raso_gopro6_1/;-40.366164;-20.676614;0
Ilha_Rasa/Rasa_davi_22fev2014_raso_gopro6_2/;-40.366164;-20.676614;0
Ilha_Rasa/Rasa_davi_22fev2014_raso_gopro6_3/;-40.366164;-20.676614;0
Ilha_Rasa/Rasa_davi_22fev2014_raso_Lu_1/;-40.366164;-20.676614;0
Tres_Ilhas/Tresilhas_anaide_23fev2014_fundo_gopro3_1/;-40.378777;-20.612348;0
Tres_Ilhas/Tresilhas_anaide_23fev2014_fundo_gopro3_2/;-40.378777;-20.612348;0
Tres_Ilhas/Tresilhas_anaide_23fev2014_fundo_gopro3_3/;-40.378777;-20.612348;0
Tres_Ilhas/Tresilhas_anaide_23fev2014_fundo_gopro4_1/;-40.378777;-20.612348;0
Tres_Ilhas/Tresilhas_anaide_23fev2014_fundo_gopro4_2/;-40.378777;-20.612348;0
Tres_Ilhas/Tresilhas_anaide_23fev2014_fundo_gopro4_3/;-40.378777;-20.612348;0
Tres_Ilhas/Tresilhas_anaide_23fev2014_fundo_gopro5_1/;-40.378777;-20.612348;0
Tres_Ilhas/Tresilhas_anaide_23fev2014_fundo_gopro5_2/;-40.378777;-20.612348;0
Tres_Ilhas/Tresilhas_anaide_23fev2014_fundo_gopro5_3/;-40.378777;-20.612348;0
Tres_Ilhas/Tresilhas_anaide_23fev2014_raso_gopro3_4/;-40.378777;-20.612348;0
Tres_Ilhas/Tresilhas_anaide_23fev2014_raso_gopro3_5/;-40.378777;-20.612348;0
Tres_Ilhas/Tresilhas_anaide_23fev2014_raso_gopro3_6/;-40.378777;-20.612348;0
Tres_Ilhas/Tresilhas_anaide_23fev2014_raso_gopro4_4/;-40.378777;-20.612348;0
Tres_Ilhas/Tresilhas_anaide_23fev2014_raso_gopro4_5/;-40.378777;-20.612348;0
Tres_Ilhas/Tresilhas_anaide_23fev2014_raso_gopro5_4/;-40.378777;-20.612348;0
Tres_Ilhas/Tresilhas_anaide_23fev2014_raso_gopro5_5/;-40.378777;-20.612348;0
Tres_Ilhas/Tresilhas_anaide_23fev2014_raso_gopro5_6/;-40.378777;-20.612348;0
Tres_Ilhas/Tresilhas_davi_23fev2014_fundo_gopro2_1/;-40.378777;-20.612348;0
Tres_Ilhas/Tresilhas_davi_23fev2014_fundo_gopro2_2/;-40.378777;-20.612348;0
Tres_Ilhas/Tresilhas_davi_23fev2014_fundo_gopro2_3/;-40.378777;-20.612348;0
Tres_Ilhas/Tresilhas_davi_23fev2014_fundo_gopro6_1/;-40.378777;-20.612348;0
Tres_Ilhas/Tresilhas_davi_23fev2014_fundo_gopro6_2/;-40.378777;-20.612348;0
Tres_Ilhas/Tresilhas_davi_23fev2014_fundo_gopro6_3/;-40.378777;-20.612348;0
Tres_Ilhas/Tresilhas_davi_23fev2014_raso_gopro2_4/;-40.378777;-20.612348;0
Tres_Ilhas/tresilhas_davi_23fev2014_raso_gopro2_5/;-40.378777;-20.612348;0
Tres_Ilhas/Tresilhas_davi_23fev2014_raso_gopro6_4/;-40.378777;-20.612348;0
Tres_Ilhas/Tresilhas_davi_23fev2014_raso_gopro6_5/;-40.378777;-20.612348;0
Tres_Ilhas/Tresilhas_davi_23fev2014_raso_gopro6_6/;-40.378777;-20.612348;0
Tres_Ilhas/Tresilhas_davi_23fev2014_raso_goproLu_4/;-40.378777;-20.612348;0
Tres_Ilhas/Tresilhas_davi_23fev2014_raso_goproLu_5/;-40.378777;-20.612348;0
Farol_da_Barra/2902_Gopro1_2m_Video3/;-38.530833;-13.008333;0
Farol_da_Barra/2902_Gopro1_2m_Video6/;-38.530833;-13.008333;0
Farol_da_Barra/2902_Gopro2_2m_Video2/;-38.530833;-13.008333;0
Farol_da_Barra/2902_Gopro2_2m_Video3/;-38.530833;-13.008333;0
Farol_da_Barra/2902_Gopro2_2m_Video4/;-38.530833;-13.008333;0
Farol_da_Barra/2902_Gopro2_2m_Video5/;-38.530833;-13.008333;0
Farol_da_Barra/2902_Gopro2_2m_Video6/;-38.530833;-13.008333;0
Farol_da_Barra/2902_Gopro2_2m_Video7/;-38.530833;-13.008333;0
Farol_da_Barra/2902_Renata_2m_Video1/;-38.530833;-13.008333;0
Farol_da_Barra/2902_Renata_2m_Video2/;-38.530833;-13.008333;0
Farol_da_Barra/2902_Renata_2m_Video3/;-38.530833;-13.008333;0
Farol_da_Barra/2902_Renata_2m_Video4/;-38.530833;-13.008333;0
Farol_da_Barra/2902_Renata_2m_Video5/;-38.530833;-13.008333;0
Farol_da_Barra/2902_Renata_2m_Video6/;-38.530833;-13.008333;0
Farol_da_Barra/2902_Renata_2m_Video7/;-38.530833;-13.008333;0
Ilha_do_Frade/030312_Gopro1_Video1/;-38.626367;-12.80916;0
Ilha_do_Frade/030312_Gopro1_Video2/;-38.626367;-12.80916;0
Ilha_do_Frade/030312_Gopro1_Video4/;-38.626367;-12.80916;0
Ilha_do_Frade/030312_Gopro1_Video5/;-38.626367;-12.80916;0
Ilha_do_Frade/030312_Gopro1_Video6/;-38.626367;-12.80916;0
Ilha_do_Frade/030312_Gopro2_Video1/;-38.626367;-12.80916;0
Ilha_do_Frade/030312_Gopro2_Video3/;-38.626367;-12.80916;0
Ilha_do_Frade/030312_Gopro2_Video4/;-38.626367;-12.80916;0
Ilha_do_Frade/030312_Gopro2_Video5/;-38.626367;-12.80916;0
Ilha_do_Frade/030312_Gopro2_Video6/;-38.626367;-12.80916;0
Ilha_do_Frade/030312_Gui_Video5/;-38.626367;-12.80916;0
Ilha_do_Frade/030312_Thiago_Video1/;-38.626367;-12.80916;0
Ilha_do_Frade/030312_Thiago_Video2/;-38.626367;-12.80916;0
Ilha_do_Frade/030312_Thiago_Video3/;-38.626367;-12.80916;0
Ilha_do_Frade/030312_Thiago_Video4/;-38.626367;-12.80916;0
Pedra_Cardinal/010312_Gopro1_Video1/;-38.5491;-12.83708;0
Pedra_Cardinal/010312_Gopro1_Video2/;-38.5491;-12.83708;0
Pedra_Cardinal/010312_Gopro1_Video3/;-38.5491;-12.83708;0
Pedra_Cardinal/010312_Gopro1_Video4/;-38.5491;-12.83708;0
Pedra_Cardinal/010312_Gopro1_Video5/;-38.5491;-12.83708;0
Pedra_Cardinal/010312_Gui1_Video1_TURF1/;-38.5491;-12.83708;0
Pedra_Cardinal/010312_Gui1_Video2/;-38.5491;-12.83708;0
Pedra_Cardinal/010312_Gui1_Video3/;-38.5491;-12.83708;0
Pedra_Cardinal/010312_Gui1_Video4/;-38.5491;-12.83708;1
Pedra_Cardinal/010312_Gui1_Video5/;-38.5491;-12.83708;0
Pedra_Cardinal/010312_Gui1_Video6/;-38.5491;-12.83708;0
Pedra_Cardinal/010312_Thiago_Video3/;-38.5491;-12.83708;0
Pedra_Cardinal/010312_Thiago_Video4/;-38.5491;-12.83708;0
Pedra_Cardinal/010312_Thiago_Video5/;-38.5491;-12.83708;0
Poste_4/030212_Gopro1_Video1/;-38.571664;-12.814719;0
Poste_4/030212_Gopro1_Video2/;-38.571664;-12.814719;0
Poste_4/030212_Gopro1_Video3/;-38.571664;-12.814719;0
Poste_4/030212_Gopro1_Video4/;-38.571664;-12.814719;0
Poste_4/030212_Gopro1_Video5/;-38.571664;-12.814719;0
Poste_4/030212_Gopro2_Video1/;-38.571664;-12.814719;0
Poste_4/030212_Gopro2_Video2/;-38.571664;-12.814719;0
Poste_4/030212_Gopro2_Video3/;-38.571664;-12.814719;0
Poste_4/030212_Gopro2_Video4/;-38.571664;-12.814719;0
Poste_4/030212_Gopro2_Video5/;-38.571664;-12.814719;0
Poste_4/030212_Gui_Video2/;-38.571664;-12.814719;0
Poste_4/030212_Gui_Video3/;-38.571664;-12.814719;1
Poste_4/030212_Gui_Video4/;-38.571664;-12.814719;0
Poste_4/030212_Gui_Video6/;-38.571664;-12.814719;1
Poste_4/030212_Thiago_Video1/;-38.571664;-12.814719;1
Ancoras_0702_GoPro_V?deo1;-33.80355;-3.875172222;0
Ancoras_0702_GoPro_V?deo2;-33.80355;-3.875172222;0
Ancoras_2701_Cam1_V?deo1;-33.80355;-3.875172222;0
Ancoras_2701_Cam1_V?deo2;-33.80355;-3.875172222;0
Ancoras_2701_Cam1_V?deo3;-33.80355;-3.875172222;0
Ancoras_2701_Cam1_V?deo4;-33.80355;-3.875172222;0
Ancoras_2701_Cam1_V?deo5;-33.80355;-3.875172222;0
Ancoras_2701_Cam2_V?deo1;-33.80355;-3.875172222;0
Ancoras_2701_Cam2_V?deo2;-33.80355;-3.875172222;0
Ancoras_2701_Cam2_V?deo3;-33.80355;-3.875172222;1
Ancoras_2701_Cam2_V?deo4;-33.80355;-3.875172222;0
Ancoras_2701_Cam2_V?deo5;-33.80355;-3.875172222;0
Ancoras_2701_GoPro_V?deo1;-33.80355;-3.875172222;0
Ancoras_2701_GoPro_V?deo2;-33.80355;-3.875172222;0
Ancoras_2701_GoPro_V?deo3;-33.80355;-3.875172222;0
Ancoras_2701_GoPro_V?deo4;-33.80355;-3.875172222;0
FalsaBarreta_230112_Cam1_V?deo1;-33.81884444;-3.860347222;0
FalsaBarreta_230112_Cam1_V?deo2;-33.81884444;-3.860347222;0
FalsaBarreta_230112_Cam1_V?deo3;-33.81884444;-3.860347222;0
FalsaBarreta_230112_Cam1_V?deo4;-33.81884444;-3.860347222;0
FalsaBarreta_230112_Cam1_V?deo5_RUIM;-33.81884444;-3.860347222;0
FalsaBarreta_230112_Cam1_V?deo6;-33.81884444;-3.860347222;0
FalsaBarreta_230112_CamLacre_V?deo1_TURF;-33.81884444;-3.860347222;0
FalsaBarreta_230112_CamLacre_V?deo2_TURF;-33.81884444;-3.860347222;0
FalsaBarreta_230112_CamLacre_V?deo3_TURF;-33.81884444;-3.860347222;0
FalsaBarreta_230112_CamLacre_V?deo4_TURF;-33.81884444;-3.860347222;0
FalsaBarreta_230112_CamLacre_V?deo5_TURF;-33.81884444;-3.860347222;0
FalsaBarreta_230112_GoPro2_V?deo1;-33.81884444;-3.860347222;0
FalsaBarreta_230112_GoPro2_V?deo2;-33.81884444;-3.860347222;0
FalsaBarreta_230112_GoPro2_V?deo3;-33.81884444;-3.860347222;0
FalsaBarreta_230112_GoPro2_V?deo4;-33.81884444;-3.860347222;0
FalsaBarreta_290112_Cam1_V?deo1_agua;-33.81884444;-3.860347222;0
FalsaBarreta_290112_Cam1_V?deo2;-33.81884444;-3.860347222;0
FalsaBarreta_290112_Cam2_V?deo1;-33.81884444;-3.860347222;0
FalsaBarreta_290112_Cam2_V?deo2;-33.81884444;-3.860347222;0
PodesCrer_2601_Cam1_V?deo1_TURF_agua;-33.81225833;-3.872955556;0
PodesCrer_2601_Cam1_V?deo2_TURF;-33.81225833;-3.872955556;0
PodesCrer_2601_Cam1_V?deo3_TURF;-33.81225833;-3.872955556;0
PodesCrer_2601_Cam1_V?deo4_TURF;-33.81225833;-3.872955556;0
PodesCrer_2601_Cam1_V?deo5tuba_TURF;-33.81225833;-3.872955556;0
PodesCrer_2601_Cam2_V?deo1;-33.81225833;-3.872955556;0
PodesCrer_2601_Cam2_V?deo2;-33.81225833;-3.872955556;0
PodesCrer_2601_Cam2_V?deo3;-33.81225833;-3.872955556;0
PodesCrer_2601_Cam2_V?deo4_nao_v?deo;-33.81225833;-3.872955556;0
PodesCrer_2601_Cam2_V?deo5;-33.81225833;-3.872955556;0
PodesCrer_2801_Cam1_V?deo1;-33.81225833;-3.872955556;0
PodesCrer_2801_Cam1_V?deo2;-33.81225833;-3.872955556;0
PodesCrer_2801_Cam1_V?deo3;-33.81225833;-3.872955556;0
PodesCrer_2801_Cam2_V?deo1;-33.81225833;-3.872955556;0
PodesCrer_2801_Cam2_V?deo2;-33.81225833;-3.872955556;0
PodesCrer_2801_Cam2_V?deo3;-33.81225833;-3.872955556;0
PodesCrer_2801_GoPro2_V?deo1;-33.81225833;-3.872955556;0
Rocas_0802_CamLacre_V?deo1;-33.79191111;-3.86895;0
Rocas_0802_CamLacre_V?deo2_TURF;-33.79191111;-3.86895;0
Rocas_0802_CamLacre_V?deo3;-33.79191111;-3.86895;0
Rocas_0802_CamLacre_V?deo4_TURF;-33.79191111;-3.86895;0
Rocas_0802_CamSem_V?deo1;-33.79191111;-3.86895;0
Rocas_0802_CamSem_V?deo2;-33.79191111;-3.86895;0
Rocas_0802_CamSem_V?deo3_TURF;-33.79191111;-3.86895;0
Rocas_0802_CamSem_V?deo4_TURF;-33.79191111;-3.86895;0
Rocas_0802_GoPro1_V?deo1;-33.79191111;-3.86895;0
Rocas_0802_GoPro1_V?deo2;-33.79191111;-3.86895;0
Rocas_0802_GoPro1_V?deo3_TURF;-33.79191111;-3.86895;0
Rocas_0802_GoPro1_V?deo4;-33.79191111;-3.86895;0
Rocas_0802_GoPro1_V?deo5;-33.79191111;-3.86895;0
Rocas_0802_GoPro2_V?deo1;-33.79191111;-3.86895;0
Rocas_0802_GoPro2_V?deo2;-33.79191111;-3.86895;0
Rocas_0802_GoPro2_V?deo3;-33.79191111;-3.86895;0
Rocas_0802_GoPro2_V?deo4;-33.79191111;-3.86895;0
Rocas_0802_GoPro2_V?deo5;-33.79191111;-3.86895;0
Rocas_1002_GoPro_V?deo1;-33.79191111;-3.86895;0
Rocas_1002_GoPro_V?deo2;-33.79191111;-3.86895;0
Salao_2801_Cam1_V?deo1;-33.80944167;-3.874725;0
Salao_2801_Cam1_V?deo2;-33.80944167;-3.874725;0
Salao_2801_Cam1_V?deo3;-33.80944167;-3.874725;0
Salao_2801_Cam1_V?deo4;-33.80944167;-3.874725;0
Salao_2801_Cam2_V?deo1;-33.80944167;-3.874725;0
Salao_2801_Cam2_V?deo2;-33.80944167;-3.874725;0
Salao_2801_Cam2_V?deo3;-33.80944167;-3.874725;0
Salao_2801_Cam2_V?deo4;-33.80944167;-3.874725;0
Salao_2801_GoPro_V?deo1;-33.80944167;-3.874725;0
Tartarugas_2201_Gui_V?deo1;-33.80944167;-3.872986111;0
Tartarugas_2201_Gui_V?deo2;-33.80944167;-3.872986111;0
Tartarugas_2201_Renato_V?deo1;-33.80944167;-3.872986111;0
Tartarugas_2201_Renato_V?deo2;-33.80944167;-3.872986111;0
Tartarugas_2501_Cam1_V?deo1;-33.80944167;-3.872986111;0
Tartarugas_2501_Cam1_V?deo2;-33.80944167;-3.872986111;0
Tartarugas_2501_Cam1_V?deo3;-33.80944167;-3.872986111;0
Tartarugas_2501_Cam1_V?deo4;-33.80944167;-3.872986111;0
Tartarugas_2501_Cam1_V?deo5;-33.80944167;-3.872986111;0
Tartarugas_2501_Cam2_V?deo1_TURF;-33.80944167;-3.872986111;0
Tartarugas_2501_Cam2_V?deo2_TURF;-33.80944167;-3.872986111;0
Tartarugas_2501_Cam2_V?deo3_TURF;-33.80944167;-3.872986111;0
Tartarugas_2501_Cam2_V?deo4_TURF;-33.80944167;-3.872986111;0
Tartarugas_2501_Cam2_V?deo5_TURF;-33.80944167;-3.872986111;0
Tartarugas_2501_GoPro_V?deo1;-33.80944167;-3.872986111;0
Tartarugas_2501_GoPro_V?deo2;-33.80944167;-3.872986111;0
Tartarugas_2501_GoPro_V?deo3_naov?deo;-33.80944167;-3.872986111;0
Tartarugas_2601_GoPro_V?deo1_TURF;-33.80944167;-3.872986111;0
_Anequim_RM_17_Abr_raso (3);-41.984482;-22.980484;0
_Anequim_RM_17_Abr_raso (4);-41.984482;-22.980484;0
_Anequim_RM_17_Abr_raso (5);-41.984482;-22.980484;0
Anequim_RM_17_Abr_raso;-41.984482;-22.980484;0
V1_Anequim_CAMC_17_Abr_raso;-41.984482;-22.980484;0
V1_Anequim_CAMC_18_Abr_fundo;-41.984482;-22.980484;0
V1_Anequim_GOL_17_Abr_raso;-41.984482;-22.980484;0
V1_Anequim_GOL_18_Abr_fundo;-41.984482;-22.980484;0
V1_Anequim_RM_17_Abr_fundo;-41.984482;-22.980484;0
V1_Anequim_RM_18_Abr_fundo;-41.984482;-22.980484;0
V1_Cardeiros_CAMC_16_Abr_fundo;-42.00165556;-22.96514167;0
V1_Cardeiros_CAMC_16_Abr_raso;-42.00165556;-22.96514167;0
V1_Cardeiros_CAMC_17_Abr_raso;-42.00165556;-22.96514167;0
V1_Cardeiros_GOL_16_Abr_fundo;-42.00165556;-22.96514167;0
V1_Cardeiros_GOL_16_Abr_raso;-42.00165556;-22.96514167;0
V1_Cardeiros_GOL_17_Abr_raso;-42.00165556;-22.96514167;0
V1_Cardeiros_RM_16_Abr_fundo;-42.00165556;-22.96514167;0
V1_Cardeiros_RM_16_Abr_raso;-42.00165556;-22.96514167;0
V1_Cardeiros_RM_17_Abr_raso;-42.00165556;-22.96514167;0
V1_Porcos_CAMC_18_Abr_raso;-41.993723;-22.96573;1
V1_Porcos_CAMC_19_Abr_fundo;-41.993723;-22.96573;0
V1_Porcos_CAMC_19_Abr_raso;-41.993723;-22.96573;0
V1_Porcos_GOL_18_Abr_raso;-41.993723;-22.96573;0
V1_Porcos_GOL_19_Abr_fundo;-41.993723;-22.96573;0
V1_Porcos_GOL_19_Abr_raso;-41.993723;-22.96573;0
V1_Porcos_RM_18_Abr_raso;-41.993723;-22.96573;0
V1_Porcos_TCM_19_Abr_raso;-41.993723;-22.96573;1
V2_Anequim_CAMC_17_Abr_raso;-41.984482;-22.980484;0
V2_Anequim_CAMC_18_Abr_fundo;-41.984482;-22.980484;0
V2_Anequim_GOL_17_Abr_raso;-41.984482;-22.980484;0
V2_Cardeiros_CAMC_16_Abr_fundo;-42.00165556;-22.96514167;0
V2_Cardeiros_CAMC_16_Abr_raso;-42.00165556;-22.96514167;0
V2_Cardeiros_CAMC_17_Abr_raso;-42.00165556;-22.96514167;0
V2_Cardeiros_GOL_16_Abr_fundo;-42.00165556;-22.96514167;0
V2_Cardeiros_GOL_16_Abr_raso;-42.00165556;-22.96514167;0
V2_Cardeiros_GOL_17_Abr_raso;-42.00165556;-22.96514167;0
V2_Cardeiros_RM_16_Abr_fundo;-42.00165556;-22.96514167;0
V2_Cardeiros_RM_16_Abr_raso;-42.00165556;-22.96514167;0
V2_Cardeiros_RM_17_Abr_raso;-42.00165556;-22.96514167;0
V2_Porcos_CAMC_19_Abr_fundo;-41.993723;-22.96573;0
V2_Porcos_CAMC_19_Abr_raso;-41.993723;-22.96573;0
V2_Porcos_GOL_18_Abr_raso;-41.993723;-22.96573;1
V2_Porcos_RM_18_Abr_raso;-41.993723;-22.96573;0
V3_Anequim_CAMC_17_Abr_raso;-41.984482;-22.980484;0
V3_Anequim_GOL_17_Abr_raso;-41.984482;-22.980484;0
V3_Cardeiros_CAMC_16_Abr_fundo;-42.00165556;-22.96514167;0
V3_Cardeiros_CAMC_17_Abr_raso;-42.00165556;-22.96514167;0
V3_Cardeiros_GOL_16_Abr_fundo;-42.00165556;-22.96514167;0
V3_Cardeiros_GOL_16_Abr_raso;-42.00165556;-22.96514167;0
V3_Cardeiros_GOL_17_Abr_raso;-42.00165556;-22.96514167;0
V3_Cardeiros_RM_16_Abr_fundo;-42.00165556;-22.96514167;1
V3_Cardeiros_RM_17_Abr_raso;-42.00165556;-22.96514167;0
V3_Porcos_GOL_19_Abr_raso;-41.993723;-22.96573;1
V3_Porcos_RM_18_Abr_raso;-41.993723;-22.96573;0
V4_Anequim_CAMC_17_Abr_raso;-41.984482;-22.980484;0
V4_Anequim_CAMC_18_Abr_fundo;-41.984482;-22.980484;0
V4_Anequim_GOL_17_Abr_raso;-41.984482;-22.980484;0
V4_Anequim_GOL_18_Abr_fundo;-41.984482;-22.980484;0
V4_Anequim_RM_18_Abr_fundo;-41.984482;-22.980484;0
V4_Cardeiros_CAMC_16_Abr_fundo;-42.00165556;-22.96514167;0
V4_Cardeiros_GOL_16_Abr_fundo;-42.00165556;-22.96514167;0
V4_Cardeiros_RM_16_Abr_fundo;-42.00165556;-22.96514167;1
V4_Porcos_CAMC_19_Abr_fundo;-41.993723;-22.96573;0
V4_Porcos_GOL_19_Abr_fundo;-41.993723;-22.96573;1
V4_Porcos_GOL_19_Abr_raso;-41.993723;-22.96573;0
V5_Anequim_CAMC_17_Abr_raso;-41.984482;-22.980484;0
V5_Anequim_CAMC_18_Abr_fundo;-41.984482;-22.980484;0
V5_Anequim_GOL_17_Abr_raso;-41.984482;-22.980484;1
V5_Anequim_GOL_18_Abr_fundo;-41.984482;-22.980484;0
V5_Cardeiros_CAMC_16_Abr_fundo;-42.00165556;-22.96514167;1
V5_Cardeiros_GOL_16_Abr_fundo;-42.00165556;-22.96514167;0
V5_Cardeiros_RM_16_Abr_fundo;-42.00165556;-22.96514167;0
V5_Porcos_CAMC_19_Abr_fundo;-41.993723;-22.96573;0
V5_Porcos_GOL_19_Abr_fundo;-41.993723;-22.96573;0
V5_Porcos_GOL_19_Abr_raso;-41.993723;-22.96573;0
V5_Porcos_TCM_19_Abr_fundo;-41.993723;-22.96573;0
BarraGales/130312_GoPro1_Video1_Turf02/;-35.192744;-9.032689;0
BarraGales/130312_GoPro1_Video2_Turf03/;-35.192744;-9.032689;0
BarraGales/130312_GoPro1_Video3_Turf100/;-35.192744;-9.032689;0
BarraGales/130312_GoPro1_Video4/;-35.192744;-9.032689;0
BarraGales/130312_GoPro1_Video5/;-35.192744;-9.032689;1
BarraGales/130312_GoPro1_Video6/;-35.192744;-9.032689;0
BarraGales/130312_GoPro1_Video7/;-35.192744;-9.032689;0
BarraGales/130312_GoPro1_Video8/;-35.192744;-9.032689;1
BarraGales/130312_GoPro2_Video1_Turf01/;-35.192744;-9.032689;0
BarraGales/130312_GoPro2_Video2_Turf05/;-35.192744;-9.032689;0
BarraGales/130312_GoPro2_Video3/;-35.192744;-9.032689;0
BarraGales/130312_GoPro2_Video4/;-35.192744;-9.032689;0
BarraGales/130312_GoPro2_Video5/;-35.192744;-9.032689;0
BarraGales/130312_GoPro2_Video6/;-35.192744;-9.032689;0
BarraGales/130312_GoPro2_Video7/;-35.192744;-9.032689;0
Gales/110312_GoPro1_Video1/;-35.191486;-9.024256;1
Gales/110312_GoPro1_Video2_Turf14/;-35.191486;-9.024256;0
Gales/110312_GoPro1_Video3_Turf06/;-35.191486;-9.024256;0
Gales/110312_GoPro1_Video4/;-35.191486;-9.024256;0
Gales/110312_GoPro1_Video5/;-35.191486;-9.024256;0
Gales/110312_GoPro1_Video6/;-35.191486;-9.024256;0
Gales/110312_GoPro2_Video1_Turf07_Agua/;-35.191486;-9.024256;0
Gales/110312_GoPro2_Video2/;-35.191486;-9.024256;0
Gales/110312_GoPro2_Video3/;-35.191486;-9.024256;0
Gales/110312_GoPro2_Video4_Turf10/;-35.191486;-9.024256;0
Gales/110312_GoPro2_Video5_Turf13/;-35.191486;-9.024256;0
Gales/110312_Thiago_Video1/;-35.191486;-9.024256;0
Gales/110312_Thiago_Video2/;-35.191486;-9.024256;0
Gales/110312_Thiago_Video3/;-35.191486;-9.024256;0
Gales/110312_Thiago_Video4/;-35.191486;-9.024256;0
Taocas/120312_GoPro1_Video1_Turf12_Agua/;-35.180628;-8.9985;0
Taocas/120312_GoPro1_Video2_Turf09/;-35.180628;-8.9985;0
Taocas/120312_GoPro1_Video3_Turf11/;-35.180628;-8.9985;0
Taocas/120312_GoPro1_Video4/;-35.180628;-8.9985;0
Taocas/120312_GoPro1_Video6/;-35.180628;-8.9985;0
Taocas/120312_GoPro1_Video7/;-35.180628;-8.9985;0
Taocas/120312_GoPro1_Video8/;-35.180628;-8.9985;0
Taocas/120312_GoPro2_Video1_Turf15/;-35.180628;-8.9985;0
Taocas/120312_GoPro2_Video2_Turf08/;-35.180628;-8.9985;0
Taocas/120312_GoPro2_Video3/;-35.180628;-8.9985;0
Taocas/120312_GoPro2_Video4/;-35.180628;-8.9985;0
Taocas/120312_GoPro2_Video5/;-35.180628;-8.9985;0
Taocas/120312_GoPro2_Video6/;-35.180628;-8.9985;0
Taocas/120312_GoPro2_Video7/;-35.180628;-8.9985;0
Taocas/120312_Thiago_Video1/;-35.180628;-8.9985;0
