"date_year","scientificNameID","year","scientificName","dropped","aphiaID","decimalLatitude","subclassid","phylumid","familyid","catalogNumber","occurrenceStatus","basisOfRecord","terrestrial","maximumDepthInMeters","id","day","order","dataset_id","decimalLongitude","collectionCode","date_end","speciesid","occurrenceID","date_start","month","genus","bibliographicCitation","eventDate","brackish","absence","subfamily","genusid","originalScientificName","marine","minimumDepthInMeters","subfamilyid","institutionCode","date_mid","class","orderid","kingdom","classid","phylum","species","subclass","family","kingdomid","node_id","sss","depth","shoredistance","sst","bathymetry","fieldNumber","scientificNameAuthorship","identifiedBy","flags","locality","country","county","waterBody","references","modified","georeferenceRemarks","minimumElevationInMeters","maximumElevationInMeters","samplingProtocol","continent","eventTime","geodeticDatum","recordedBy","datasetID","dynamicProperties","individualCount","associatedReferences","stateProvince","preparations"
2000,"urn:lsid:marinespecies.org:taxname:290423","2000","Mussismilia hispida",FALSE,290423,-17.9920005798,1340,1267,196099,"34781","present","HumanObservation",FALSE,7.5,"0126ee6c-24b2-43c2-9f75-5f65110c1d94","22","Scleractinia","47edd06e-212a-4677-9abb-6384a0cac20a",-38.6694984436,"agrra_benthic",953683200000,290423,"32540",953683200000,"3","Mussismilia","Marks, K.W. 2007. AGRRA Database, version (05/2007). Available online http:www.agrra.org/Release_2007-05","2000-03-22T12:00:00Z",FALSE,FALSE,"Faviinae",267605,"Mussismilia hispida",TRUE,7.5,718680,"AGRRA",953683200000,"Anthozoa",1363,"Animalia",1292,"Cnidaria","Mussismilia hispida","Hexacorallia","Faviidae",2,"8385435b-bcf5-4bec-b827-8b480163d479",37.08,7.5,3092,25.9,2,NA,NA,NA,NA,NA,NA,NA,NA,NA,NA,NA,NA,NA,NA,NA,NA,NA,NA,NA,NA,NA,NA,NA,NA
1999,"urn:lsid:marinespecies.org:taxname:290423","1999","Mussismilia hispida",FALSE,290423,-17.134,1340,1267,196099,"MNRJ 4610",NA,"PreservedSpecimen",FALSE,NA,"026a275b-92b1-43c9-9481-fc9714ac2a89","06","Scleractinia","300cb5e2-4431-4ec8-af71-8c6078305e50",-36.806,"Cnidaria",928627200000,290423,NA,928627200000,"06","Mussismilia",NA,"1999-06-06T12:00:00Z",FALSE,FALSE,"Faviinae",267605,"Mussismilia hispida",TRUE,NA,718680,"REVIZEE",928627200000,"Anthozoa",1363,"Animalia",1292,"Cnidaria","Mussismilia hispida","Hexacorallia","Faviidae",2,"dde0dbd3-92fb-41e6-9f51-b1ae930a934b",37.4,NA,220282,26.72,133,"BAI-D0404","(Verrill, 1902)","Barreira e Castro, C; Pires, D.O.; Medeiros, M.S.; Loiola, L.L.; Arantes, R.C.M.; Thiago, C.M.;Berman, E.",NA,NA,NA,NA,NA,NA,NA,NA,NA,NA,NA,NA,NA,NA,NA,NA,NA,NA,NA,NA,NA
2003,"urn:lsid:marinespecies.org:taxname:290423","2003","Mussismilia hispida",FALSE,290423,-23.221,1340,1267,196099,"PCABRS228",NA,"PreservedSpecimen",FALSE,13,"0397e041-5812-40e5-b4eb-390edf22f423","17","Scleractinia","eddee438-1ec9-4e50-83ca-a7ee7bc324cc",-44.558,"Cnidaria",1069027200000,290423,NA,1069027200000,"11","Mussismilia",NA,"2003-11-17T12:00:00Z",FALSE,FALSE,"Faviinae",267605,"Mussismilia hispida",TRUE,13,718680,"MMA/BIO23",1069027200000,"Anthozoa",1363,"Animalia",1292,"Cnidaria","Mussismilia hispida","Hexacorallia","Faviidae",2,"dde0dbd3-92fb-41e6-9f51-b1ae930a934b",35.98,13,80,23.72,-1,"4","(Verrill, 1901)","Pires, D.O.; Castro, C.B.; Alvarenga, M.F.; Barros, M.M.L; Ratto, C.C.; Segal, B.",NA,"Ilha Deserta",NA,NA,NA,NA,NA,NA,NA,NA,NA,NA,NA,NA,NA,NA,NA,NA,NA,NA,NA
2000,"urn:lsid:marinespecies.org:taxname:290423","2000","Mussismilia hispida",FALSE,290423,-17.478333,1340,1267,196099,"CSPM500",NA,"HumanObservation",FALSE,18,"03c87104-e2d9-4853-a982-b066b2074a82","26","Scleractinia","7a950cb1-88cc-4401-9368-1495e64586ff",-39.027778,"RAP",951523200000,290423,NA,951523200000,"2","Mussismilia",NA,"2000-02-26T12:00:00Z",FALSE,FALSE,"Faviinae",267605,"Mussismilia hispida",TRUE,7,718680,"CI_BR",951523200000,"Anthozoa",1363,"Animalia",1292,"Cnidaria","Mussismilia hispida","Hexacorallia","Faviidae",2,"dde0dbd3-92fb-41e6-9f51-b1ae930a934b",36.95,12.5,11949,25.88,7,"40","(Verrill, 1901) ",NA,NA,"Central Timbebas Reef, Abrolhos National Park","Brazil","Abrolhos","South Atlantic",NA,NA,NA,NA,NA,NA,NA,NA,NA,NA,NA,NA,NA,NA,NA,NA
2004,"urn:lsid:marinespecies.org:taxname:290423","2004","Mussismilia hispida",FALSE,290423,-23.048,1340,1267,196099,"PCABRS244",NA,"PreservedSpecimen",FALSE,17,"06b218ef-8f49-4bd4-bdc2-c7bd1fe9d842","23","Scleractinia","eddee438-1ec9-4e50-83ca-a7ee7bc324cc",-44.546,"Cnidaria",1085270400000,290423,NA,1085270400000,"5","Mussismilia",NA,"2004-05-23T12:00:00Z",FALSE,FALSE,"Faviinae",267605,"Mussismilia hispida",TRUE,17,718680,"MMA/BIO23",1085270400000,"Anthozoa",1363,"Animalia",1292,"Cnidaria","Mussismilia hispida","Hexacorallia","Faviidae",2,"dde0dbd3-92fb-41e6-9f51-b1ae930a934b",35.97,17,30,23.77,8,"16","(Verrill, 1901)","Pires, D.O.; Castro, C.B.; Alvarenga, M.F.; Barros, M.M.L; Ratto, C.C.; Segal, B.",NA,"Rochedo Sao Pedro",NA,NA,NA,NA,NA,NA,NA,NA,NA,NA,NA,NA,NA,NA,NA,NA,NA,NA,NA
2000,"urn:lsid:marinespecies.org:taxname:290423","2000","Mussismilia hispida",FALSE,290423,-17.875,1340,1267,196099,"CSPM484",NA,"HumanObservation",FALSE,11,"0ad7d83b-21e9-47c5-9fe0-7caa7dff95e0","20","Scleractinia","7a950cb1-88cc-4401-9368-1495e64586ff",-38.979167,"RAP",951004800000,290423,NA,951004800000,"2","Mussismilia",NA,"2000-02-20T12:00:00Z",FALSE,FALSE,"Faviinae",267605,"Mussismilia hispida",TRUE,3,718680,"CI_BR",951004800000,"Anthozoa",1363,"Animalia",1292,"Cnidaria","Mussismilia hispida","Hexacorallia","Faviidae",2,"dde0dbd3-92fb-41e6-9f51-b1ae930a934b",36.97,7,24774,25.9,4,"23","(Verrill, 1901) ",NA,NA,"Southern Parcel das Paredes","Brazil","Abrolhos","South Atlantic",NA,NA,NA,NA,NA,NA,NA,NA,NA,NA,NA,NA,NA,NA,NA,NA
2000,"urn:lsid:marinespecies.org:taxname:290423","2000","Mussismilia hispida",FALSE,290423,-17.9599990845,1340,1267,196099,"34562","present","HumanObservation",FALSE,4,"0b5e6043-fc59-471e-8243-c9418bbec78a","5","Scleractinia","47edd06e-212a-4677-9abb-6384a0cac20a",-38.7018318176,"agrra_benthic",954892800000,290423,"24002",954892800000,"4","Mussismilia","Marks, K.W. 2007. AGRRA Database, version (05/2007). Available online http:www.agrra.org/Release_2007-05","2000-04-05T12:00:00Z",FALSE,FALSE,"Faviinae",267605,"Mussismilia hispida",TRUE,4,718680,"AGRRA",954892800000,"Anthozoa",1363,"Animalia",1292,"Cnidaria","Mussismilia hispida","Hexacorallia","Faviidae",2,"8385435b-bcf5-4bec-b827-8b480163d479",37.08,4,86,25.9,-2,NA,NA,NA,NA,NA,NA,NA,NA,NA,NA,NA,NA,NA,NA,NA,NA,NA,NA,NA,NA,NA,NA,NA,NA
2000,"urn:lsid:marinespecies.org:taxname:290423","2000","Mussismilia hispida",FALSE,290423,-17.988611,1340,1267,196099,"CSPM471",NA,"HumanObservation",FALSE,NA,"0cf6c003-8a7f-4da8-8d24-5f5202a86fe7","13","Scleractinia","7a950cb1-88cc-4401-9368-1495e64586ff",-38.966111,"RAP",9.504e+11,290423,NA,9.504e+11,"2","Mussismilia",NA,"2000-02-13T12:00:00Z",FALSE,FALSE,"Faviinae",267605,"Mussismilia hispida",TRUE,NA,718680,"CI_BR",9.504e+11,"Anthozoa",1363,"Animalia",1292,"Cnidaria","Mussismilia hispida","Hexacorallia","Faviidae",2,"dde0dbd3-92fb-41e6-9f51-b1ae930a934b",36.98,NA,25507,25.9,4,"7","(Verrill, 1901) ",NA,NA,"Northern Popa Verde","Brazil","Abrolhos","South Atlantic",NA,NA,NA,NA,NA,NA,NA,NA,NA,NA,NA,NA,NA,NA,NA,NA
2000,"urn:lsid:marinespecies.org:taxname:290423","2000","Mussismilia hispida",FALSE,290423,-5.3967,1340,1267,196099,"6",NA,"PreservedSpecimen",FALSE,NA,"10a71755-c886-4b59-9f95-d93d05d587a7",NA,"Scleractinia","49b938b5-2d5a-43c0-92f9-26354f189f82",-35.2773,"UFS",9.62496e+11,290423,NA,9.62496e+11,NA,"Mussismilia",NA,"2000-07-02T00:00:00Z",FALSE,FALSE,"Faviinae",267605,"Mussismilia hispida",TRUE,NA,718680,"UFPE",9.62496e+11,"Anthozoa",1363,"Animalia",1292,"Cnidaria","Mussismilia hispida","Hexacorallia","Faviidae",2,"dde0dbd3-92fb-41e6-9f51-b1ae930a934b",36.36,NA,3627,27.65,5,NA,"(Verrill, 1901)",NA,NA,"Offshore","Brazil","Maracajau","South Atlantic",NA,NA,NA,NA,NA,NA,NA,NA,NA,NA,NA,NA,NA,NA,NA,NA
2000,"urn:lsid:marinespecies.org:taxname:290423","2000","Mussismilia hispida",FALSE,290423,-17.9815006256,1340,1267,196099,"34297","present","HumanObservation",FALSE,5.5,"15043604-b92e-41ac-8462-c320909d3d7f","28","Scleractinia","47edd06e-212a-4677-9abb-6384a0cac20a",-38.6951675415,"agrra_benthic",954201600000,290423,"40290",954201600000,"3","Mussismilia","Marks, K.W. 2007. AGRRA Database, version (05/2007). Available online http:www.agrra.org/Release_2007-05","2000-03-28T12:00:00Z",FALSE,FALSE,"Faviinae",267605,"Mussismilia hispida",TRUE,5,718680,"AGRRA",954201600000,"Anthozoa",1363,"Animalia",1292,"Cnidaria","Mussismilia hispida","Hexacorallia","Faviidae",2,"8385435b-bcf5-4bec-b827-8b480163d479",37.08,5.25,145,25.9,3,NA,NA,NA,NA,NA,NA,NA,NA,NA,NA,NA,NA,NA,NA,NA,NA,NA,NA,NA,NA,NA,NA,NA,NA
2000,"urn:lsid:marinespecies.org:taxname:290423","2000","Mussismilia hispida",FALSE,290423,-17.506111,1340,1267,196099,"CSPM498",NA,"HumanObservation",FALSE,13,"17d4b73f-dc64-46ef-a58b-9d75beef252d","26","Scleractinia","7a950cb1-88cc-4401-9368-1495e64586ff",-39.013056,"RAP",951523200000,290423,NA,951523200000,"2","Mussismilia",NA,"2000-02-26T12:00:00Z",FALSE,FALSE,"Faviinae",267605,"Mussismilia hispida",TRUE,3.5,718680,"CI_BR",951523200000,"Anthozoa",1363,"Animalia",1292,"Cnidaria","Mussismilia hispida","Hexacorallia","Faviidae",2,"dde0dbd3-92fb-41e6-9f51-b1ae930a934b",36.95,8.25,11149,25.87,10,"38","(Verrill, 1901) ",NA,NA,"Southern Timbebas Reef, Abrolhos National Park","Brazil","Abrolhos","South Atlantic",NA,NA,NA,NA,NA,NA,NA,NA,NA,NA,NA,NA,NA,NA,NA,NA
2000,"urn:lsid:marinespecies.org:taxname:290423","2000","Mussismilia hispida",FALSE,290423,-17.906944,1340,1267,196099,"CSPM493",NA,"HumanObservation",FALSE,16,"19c40809-e411-47ff-a54b-35ee0a26f4a4","24","Scleractinia","7a950cb1-88cc-4401-9368-1495e64586ff",-38.690278,"RAP",951350400000,290423,NA,951350400000,"2","Mussismilia",NA,"2000-02-24T12:00:00Z",FALSE,FALSE,"Faviinae",267605,"Mussismilia hispida",TRUE,11,718680,"CI_BR",951350400000,"Anthozoa",1363,"Animalia",1292,"Cnidaria","Mussismilia hispida","Hexacorallia","Faviidae",2,"dde0dbd3-92fb-41e6-9f51-b1ae930a934b",37.06,13.5,6025,25.9,5,"33","(Verrill, 1901) ",NA,NA,"North of Abrolhos Archipelago, Abrolhos National Park","Brazil","Abrolhos","South Atlantic",NA,NA,NA,NA,NA,NA,NA,NA,NA,NA,NA,NA,NA,NA,NA,NA
2003,"urn:lsid:marinespecies.org:taxname:290423","2003","Mussismilia hispida",FALSE,290423,-23.047,1340,1267,196099,"PCABRS252",NA,"PreservedSpecimen",FALSE,14,"1a204c6a-e83f-45e0-87cf-08d8b87daff5","2","Scleractinia","eddee438-1ec9-4e50-83ca-a7ee7bc324cc",-44.214,"Cnidaria",1070323200000,290423,NA,1070323200000,"12","Mussismilia",NA,"2003-12-02T12:00:00Z",FALSE,FALSE,"Faviinae",267605,"Mussismilia hispida",TRUE,14,718680,"MMA/BIO23",1070323200000,"Anthozoa",1363,"Animalia",1292,"Cnidaria","Mussismilia hispida","Hexacorallia","Faviidae",2,"dde0dbd3-92fb-41e6-9f51-b1ae930a934b",36.01,14,53,23.73,-49,"28","(Verrill, 1901)","Pires, D.O.; Castro, C.B.; Alvarenga, M.F.; Barros, M.M.L; Ratto, C.C.; Segal, B.",NA,"Enseada do Itapinhoacanga",NA,NA,NA,NA,NA,NA,NA,NA,NA,NA,NA,NA,NA,NA,NA,NA,NA,NA,NA
2000,"urn:lsid:marinespecies.org:taxname:290423","2000","Mussismilia hispida",FALSE,290423,-16.975278,1340,1267,196099,"CSPM473",NA,"HumanObservation",FALSE,12,"1d7692a5-eadf-4b40-a28c-2da82976dd6d","15","Scleractinia","7a950cb1-88cc-4401-9368-1495e64586ff",-39.071389,"RAP",950572800000,290423,NA,950572800000,"2","Mussismilia",NA,"2000-02-15T12:00:00Z",FALSE,FALSE,"Faviinae",267605,"Mussismilia hispida",TRUE,5,718680,"CI_BR",950572800000,"Anthozoa",1363,"Animalia",1292,"Cnidaria","Mussismilia hispida","Hexacorallia","Faviidae",2,"dde0dbd3-92fb-41e6-9f51-b1ae930a934b",36.86,8.5,4899,25.9,6,"11","(Verrill, 1901) ",NA,NA,"Alto de Cumuruxatiba","Brazil","Abrolhos","South Atlantic",NA,NA,NA,NA,NA,NA,NA,NA,NA,NA,NA,NA,NA,NA,NA,NA
2000,"urn:lsid:marinespecies.org:taxname:290423","2000","Mussismilia hispida",FALSE,290423,-18.101944,1340,1267,196099,"CSPM492",NA,"HumanObservation",FALSE,25.5,"200b417d-0c2b-4c08-b389-7a9bc5f700d2","23","Scleractinia","7a950cb1-88cc-4401-9368-1495e64586ff",-38.590556,"RAP",9.51264e+11,290423,NA,9.51264e+11,"2","Mussismilia",NA,"2000-02-23T12:00:00Z",FALSE,FALSE,"Faviinae",267605,"Mussismilia hispida",TRUE,9,718680,"CI_BR",9.51264e+11,"Anthozoa",1363,"Animalia",1292,"Cnidaria","Mussismilia hispida","Hexacorallia","Faviidae",2,"dde0dbd3-92fb-41e6-9f51-b1ae930a934b",37.11,17.25,17510,25.9,6,"31","(Verrill, 1901) ",NA,NA,"California Reef, Abrolhos National Park","Brazil","Abrolhos","South Atlantic",NA,NA,NA,NA,NA,NA,NA,NA,NA,NA,NA,NA,NA,NA,NA,NA
2000,"urn:lsid:marinespecies.org:taxname:290423","2000","Mussismilia hispida",FALSE,290423,-17.955165863,1340,1267,196099,"34992","present","HumanObservation",FALSE,7,"21076a89-8752-4eea-a574-087b85b920fa","24","Scleractinia","47edd06e-212a-4677-9abb-6384a0cac20a",-38.6533317566,"agrra_benthic",9.53856e+11,290423,"15359",9.53856e+11,"3","Mussismilia","Marks, K.W. 2007. AGRRA Database, version (05/2007). Available online http:www.agrra.org/Release_2007-05","2000-03-24T12:00:00Z",FALSE,FALSE,"Faviinae",267605,"Mussismilia hispida",TRUE,7,718680,"AGRRA",9.53856e+11,"Anthozoa",1363,"Animalia",1292,"Cnidaria","Mussismilia hispida","Hexacorallia","Faviidae",2,"8385435b-bcf5-4bec-b827-8b480163d479",37.1,7,4273,25.9,5,NA,NA,NA,NA,NA,NA,NA,NA,NA,NA,NA,NA,NA,NA,NA,NA,NA,NA,NA,NA,NA,NA,NA,NA
2004,"urn:lsid:marinespecies.org:taxname:290423","2004","Mussismilia hispida",FALSE,290423,-23.137,1340,1267,196099,"PCABRS265",NA,"PreservedSpecimen",FALSE,27.5,"22adf966-0b3e-4628-8d92-27a251226124","27","Scleractinia","eddee438-1ec9-4e50-83ca-a7ee7bc324cc",-44.326,"Cnidaria",1.085616e+12,290423,NA,1.085616e+12,"5","Mussismilia",NA,"2004-05-27T12:00:00Z",FALSE,FALSE,"Faviinae",267605,"Mussismilia hispida",TRUE,27.5,718680,"MMA/BIO23",1.085616e+12,"Anthozoa",1363,"Animalia",1292,"Cnidaria","Mussismilia hispida","Hexacorallia","Faviidae",2,"dde0dbd3-92fb-41e6-9f51-b1ae930a934b",36.02,27.5,69,23.74,-1,"39","(Verrill, 1901)","Pires, D.O.; Castro, C.B.; Alvarenga, M.F.; Barros, M.M.L; Ratto, C.C.; Segal, B.",NA,"Ponta Longa Ilha Grande",NA,NA,NA,NA,NA,NA,NA,NA,NA,NA,NA,NA,NA,NA,NA,NA,NA,NA,NA
2001,"urn:lsid:marinespecies.org:taxname:290423","2001","Mussismilia hispida",FALSE,290423,-18.663,1340,1267,196099,"MNRJ 4699",NA,"PreservedSpecimen",FALSE,65,"2a895cc5-f77d-4c3e-90dd-fbd007499f1e","29","Scleractinia","300cb5e2-4431-4ec8-af71-8c6078305e50",-37.87,"Cnidaria",993772800000,290423,NA,993772800000,"06","Mussismilia",NA,"2001-06-29T12:00:00Z",FALSE,FALSE,"Faviinae",267605,"Mussismilia hispida",TRUE,65,718680,"REVIZEE",993772800000,"Anthozoa",1363,"Animalia",1292,"Cnidaria","Mussismilia hispida","Hexacorallia","Faviidae",2,"dde0dbd3-92fb-41e6-9f51-b1ae930a934b",37.23,65,115597,26.26,212,"C5-17R","(Verrill, 1902)","Barreira e Castro, C; Pires, D.O.; Medeiros, M.S.; Loiola, L.L.; Arantes, R.C.M.; Thiago, C.M.;Berman, E.",NA,NA,NA,NA,NA,NA,NA,NA,NA,NA,NA,NA,NA,NA,NA,NA,NA,NA,NA,NA,NA
2000,"urn:lsid:marinespecies.org:taxname:290423","2000","Mussismilia hispida",FALSE,290423,-17.875,1340,1267,196099,"CSPM483",NA,"HumanObservation",FALSE,6.5,"3452dda1-3b85-45c0-a2b0-bf41a365c598","20","Scleractinia","7a950cb1-88cc-4401-9368-1495e64586ff",-38.979167,"RAP",951004800000,290423,NA,951004800000,"2","Mussismilia",NA,"2000-02-20T12:00:00Z",FALSE,FALSE,"Faviinae",267605,"Mussismilia hispida",TRUE,4,718680,"CI_BR",951004800000,"Anthozoa",1363,"Animalia",1292,"Cnidaria","Mussismilia hispida","Hexacorallia","Faviidae",2,"dde0dbd3-92fb-41e6-9f51-b1ae930a934b",36.97,5.25,24774,25.9,4,"22","(Verrill, 1901) ",NA,NA,"Southern Parcel das Paredes","Brazil","Abrolhos","South Atlantic",NA,NA,NA,NA,NA,NA,NA,NA,NA,NA,NA,NA,NA,NA,NA,NA
2003,"urn:lsid:marinespecies.org:taxname:290423","2003","Mussismilia hispida",FALSE,290423,-23.137,1340,1267,196099,"PCABRS264",NA,"PreservedSpecimen",FALSE,27.5,"35006633-d22e-4ef0-8892-8d6f0e9f1a36","6","Scleractinia","eddee438-1ec9-4e50-83ca-a7ee7bc324cc",-44.326,"Cnidaria",1070668800000,290423,NA,1070668800000,"12","Mussismilia",NA,"2003-12-06T12:00:00Z",FALSE,FALSE,"Faviinae",267605,"Mussismilia hispida",TRUE,27.5,718680,"MMA/BIO23",1070668800000,"Anthozoa",1363,"Animalia",1292,"Cnidaria","Mussismilia hispida","Hexacorallia","Faviidae",2,"dde0dbd3-92fb-41e6-9f51-b1ae930a934b",36.02,27.5,69,23.74,-1,"39","(Verrill, 1901)","Pires, D.O.; Castro, C.B.; Alvarenga, M.F.; Barros, M.M.L; Ratto, C.C.; Segal, B.",NA,"Ponta Longa Ilha Grande",NA,NA,NA,NA,NA,NA,NA,NA,NA,NA,NA,NA,NA,NA,NA,NA,NA,NA,NA
2000,"urn:lsid:marinespecies.org:taxname:290423","2000","Mussismilia hispida",FALSE,290423,-17.955,1340,1267,196099,"CSPM470",NA,"HumanObservation",FALSE,5.7,"383fc346-1999-4335-b2bb-6ce91f7b4d10","13","Scleractinia","7a950cb1-88cc-4401-9368-1495e64586ff",-39.218611,"RAP",9.504e+11,290423,NA,9.504e+11,"2","Mussismilia",NA,"2000-02-13T12:00:00Z",FALSE,FALSE,"Faviinae",267605,"Mussismilia hispida",TRUE,1.5,718680,"CI_BR",9.504e+11,"Anthozoa",1363,"Animalia",1292,"Cnidaria","Mussismilia hispida","Hexacorallia","Faviidae",2,"dde0dbd3-92fb-41e6-9f51-b1ae930a934b",36.93,3.6,1713,25.9,10,"6","(Verrill, 1901) ",NA,NA,"Coroa Vermelha Reef","Brazil","Abrolhos","South Atlantic",NA,NA,NA,NA,NA,NA,NA,NA,NA,NA,NA,NA,NA,NA,NA,NA
2003,"urn:lsid:marinespecies.org:taxname:290423","2003","Mussismilia hispida",FALSE,290423,-23.079,1340,1267,196099,"PCABRS254",NA,"PreservedSpecimen",FALSE,19,"3a7a7b45-2050-43c5-8dac-11e1c9cdaf53","1","Scleractinia","eddee438-1ec9-4e50-83ca-a7ee7bc324cc",-44.225,"Cnidaria",1070236800000,290423,NA,1070236800000,"12","Mussismilia",NA,"2003-12-01T12:00:00Z",FALSE,FALSE,"Faviinae",267605,"Mussismilia hispida",TRUE,19,718680,"MMA/BIO23",1070236800000,"Anthozoa",1363,"Animalia",1292,"Cnidaria","Mussismilia hispida","Hexacorallia","Faviidae",2,"dde0dbd3-92fb-41e6-9f51-b1ae930a934b",36.01,19,262,23.73,35,"30","(Verrill, 1901)","Pires, D.O.; Castro, C.B.; Alvarenga, M.F.; Barros, M.M.L; Ratto, C.C.; Segal, B.",NA,"Ilha de Macacos",NA,NA,NA,NA,NA,NA,NA,NA,NA,NA,NA,NA,NA,NA,NA,NA,NA,NA,NA
2000,"urn:lsid:marinespecies.org:taxname:290423","2000","Mussismilia hispida",FALSE,290423,-17.9920005798,1340,1267,196099,"34778","present","HumanObservation",FALSE,7,"3deea058-17cf-457d-9ef4-867c41b6a120","22","Scleractinia","47edd06e-212a-4677-9abb-6384a0cac20a",-38.6694984436,"agrra_benthic",953683200000,290423,"16969",953683200000,"3","Mussismilia","Marks, K.W. 2007. AGRRA Database, version (05/2007). Available online http:www.agrra.org/Release_2007-05","2000-03-22T12:00:00Z",FALSE,FALSE,"Faviinae",267605,"Mussismilia hispida",TRUE,7,718680,"AGRRA",953683200000,"Anthozoa",1363,"Animalia",1292,"Cnidaria","Mussismilia hispida","Hexacorallia","Faviidae",2,"8385435b-bcf5-4bec-b827-8b480163d479",37.08,7,3092,25.9,2,NA,NA,NA,NA,NA,NA,NA,NA,NA,NA,NA,NA,NA,NA,NA,NA,NA,NA,NA,NA,NA,NA,NA,NA
2000,"urn:lsid:marinespecies.org:taxname:290423","2000","Mussismilia hispida",FALSE,290423,-17.9920005798,1340,1267,196099,"34785","present","HumanObservation",FALSE,7.5,"3fb6e393-2432-4b34-8717-b0e442633bf2","22","Scleractinia","47edd06e-212a-4677-9abb-6384a0cac20a",-38.6694984436,"agrra_benthic",953683200000,290423,"5925",953683200000,"3","Mussismilia","Marks, K.W. 2007. AGRRA Database, version (05/2007). Available online http:www.agrra.org/Release_2007-05","2000-03-22T12:00:00Z",FALSE,FALSE,"Faviinae",267605,"Mussismilia hispida",TRUE,7.5,718680,"AGRRA",953683200000,"Anthozoa",1363,"Animalia",1292,"Cnidaria","Mussismilia hispida","Hexacorallia","Faviidae",2,"8385435b-bcf5-4bec-b827-8b480163d479",37.08,7.5,3092,25.9,2,NA,NA,NA,NA,NA,NA,NA,NA,NA,NA,NA,NA,NA,NA,NA,NA,NA,NA,NA,NA,NA,NA,NA,NA
2003,"urn:lsid:marinespecies.org:taxname:290423","2003","Mussismilia hispida",FALSE,290423,-23.272,1340,1267,196099,"PCABRS230",NA,"PreservedSpecimen",FALSE,6,"41c79312-b158-4a60-91f9-9ded8052d717","14","Scleractinia","eddee438-1ec9-4e50-83ca-a7ee7bc324cc",-44.631,"Cnidaria",1.068768e+12,290423,NA,1.068768e+12,"11","Mussismilia",NA,"2003-11-14T12:00:00Z",FALSE,FALSE,"Faviinae",267605,"Mussismilia hispida",TRUE,6,718680,"MMA/BIO23",1.068768e+12,"Anthozoa",1363,"Animalia",1292,"Cnidaria","Mussismilia hispida","Hexacorallia","Faviidae",2,"dde0dbd3-92fb-41e6-9f51-b1ae930a934b",36.03,6,56,23.65,-9,"6","(Verrill, 1901)","Pires, D.O.; Castro, C.B.; Alvarenga, M.F.; Barros, M.M.L; Ratto, C.C.; Segal, B.",NA,"Saco do Mamangua (Ilha Maranata)",NA,NA,NA,NA,NA,NA,NA,NA,NA,NA,NA,NA,NA,NA,NA,NA,NA,NA,NA
2004,"urn:lsid:marinespecies.org:taxname:290423","2004","Mussismilia hispida",FALSE,290423,-23.203,1340,1267,196099,"PCABRS233",NA,"PreservedSpecimen",FALSE,16.5,"4341da66-dab6-4533-a037-bf2984708005","24","Scleractinia","eddee438-1ec9-4e50-83ca-a7ee7bc324cc",-44.596,"Cnidaria",1085356800000,290423,NA,1085356800000,"5","Mussismilia",NA,"2004-05-24T12:00:00Z",FALSE,FALSE,"Faviinae",267605,"Mussismilia hispida",TRUE,16.5,718680,"MMA/BIO23",1085356800000,"Anthozoa",1363,"Animalia",1292,"Cnidaria","Mussismilia hispida","Hexacorallia","Faviidae",2,"dde0dbd3-92fb-41e6-9f51-b1ae930a934b",35.99,16.5,75,23.73,-43,"8","(Verrill, 1901)","Pires, D.O.; Castro, C.B.; Alvarenga, M.F.; Barros, M.M.L; Ratto, C.C.; Segal, B.",NA,"Ponta do Cedro Ilha do Algodao",NA,NA,NA,NA,NA,NA,NA,NA,NA,NA,NA,NA,NA,NA,NA,NA,NA,NA,NA
2000,"urn:lsid:marinespecies.org:taxname:290423","2000","Mussismilia hispida",FALSE,290423,-17.813056,1340,1267,196099,"CSPM485",NA,"HumanObservation",FALSE,11,"43c3cc5a-7a6b-49b3-8639-706bb935b31b","20","Scleractinia","7a950cb1-88cc-4401-9368-1495e64586ff",-39.011111,"RAP",951004800000,290423,NA,951004800000,"2","Mussismilia",NA,"2000-02-20T12:00:00Z",FALSE,FALSE,"Faviinae",267605,"Mussismilia hispida",TRUE,3,718680,"CI_BR",951004800000,"Anthozoa",1363,"Animalia",1292,"Cnidaria","Mussismilia hispida","Hexacorallia","Faviidae",2,"dde0dbd3-92fb-41e6-9f51-b1ae930a934b",36.95,7,18151,25.9,2,"24","(Verrill, 1901) ",NA,NA,"Wertern Parcel das Paredes","Brazil","Abrolhos","South Atlantic",NA,NA,NA,NA,NA,NA,NA,NA,NA,NA,NA,NA,NA,NA,NA,NA
2003,"urn:lsid:marinespecies.org:taxname:290423","2003","Mussismilia hispida",FALSE,290423,-23.071,1340,1267,196099,"PCABRS247",NA,"PreservedSpecimen",FALSE,14.5,"46bb9e5b-51dc-4aee-a612-62a7b718ccdd","28","Scleractinia","eddee438-1ec9-4e50-83ca-a7ee7bc324cc",-44.363,"Cnidaria",1067299200000,290423,NA,1067299200000,"10","Mussismilia",NA,"2003-10-28T12:00:00Z",FALSE,FALSE,"Faviinae",267605,"Mussismilia hispida",TRUE,14.5,718680,"MMA/BIO23",1067299200000,"Anthozoa",1363,"Animalia",1292,"Cnidaria","Mussismilia hispida","Hexacorallia","Faviidae",2,"dde0dbd3-92fb-41e6-9f51-b1ae930a934b",36,14.5,73,23.76,-3,"22","(Verrill, 1901)","Pires, D.O.; Castro, C.B.; Alvarenga, M.F.; Barros, M.M.L; Ratto, C.C.; Segal, B.",NA,"Ponta Escalvada Ilha da Gipóia",NA,NA,NA,NA,NA,NA,NA,NA,NA,NA,NA,NA,NA,NA,NA,NA,NA,NA,NA
2003,"urn:lsid:marinespecies.org:taxname:290423","2003","Mussismilia hispida",FALSE,290423,-23.238,1340,1267,196099,"PCABRS229",NA,"PreservedSpecimen",FALSE,14.7,"47c8d2ec-0380-4ff6-9714-5ddceeb2d995","14","Scleractinia","eddee438-1ec9-4e50-83ca-a7ee7bc324cc",-44.6,"Cnidaria",1.068768e+12,290423,NA,1.068768e+12,"11","Mussismilia",NA,"2003-11-14T12:00:00Z",FALSE,FALSE,"Faviinae",267605,"Mussismilia hispida",TRUE,14.7,718680,"MMA/BIO23",1.068768e+12,"Anthozoa",1363,"Animalia",1292,"Cnidaria","Mussismilia hispida","Hexacorallia","Faviidae",2,"dde0dbd3-92fb-41e6-9f51-b1ae930a934b",35.99,14.7,77,23.73,-60,"5","(Verrill, 1901)","Pires, D.O.; Castro, C.B.; Alvarenga, M.F.; Barros, M.M.L; Ratto, C.C.; Segal, B.",NA,"Ponta do Buraco",NA,NA,NA,NA,NA,NA,NA,NA,NA,NA,NA,NA,NA,NA,NA,NA,NA,NA,NA
2000,"urn:lsid:marinespecies.org:taxname:290423","2000","Mussismilia hispida",FALSE,290423,-16.882778,1340,1267,196099,"CSPM477",NA,"HumanObservation",FALSE,12,"48c16cb5-26cd-4999-8b82-fb24113bae6f","16","Scleractinia","7a950cb1-88cc-4401-9368-1495e64586ff",-39.051111,"RAP",950659200000,290423,NA,950659200000,"2","Mussismilia",NA,"2000-02-16T12:00:00Z",FALSE,FALSE,"Faviinae",267605,"Mussismilia hispida",TRUE,5,718680,"CI_BR",950659200000,"Anthozoa",1363,"Animalia",1292,"Cnidaria","Mussismilia hispida","Hexacorallia","Faviidae",2,"dde0dbd3-92fb-41e6-9f51-b1ae930a934b",36.87,8.5,6529,25.93,2,"15","(Verrill, 1901) ",NA,NA,"Ponta Norte, Itacolomis Reefs","Brazil","Abrolhos","South Atlantic",NA,NA,NA,NA,NA,NA,NA,NA,NA,NA,NA,NA,NA,NA,NA,NA
2000,"urn:lsid:marinespecies.org:taxname:290423","2000","Mussismilia hispida",FALSE,290423,-17.996111,1340,1267,196099,"CSPM466",NA,"HumanObservation",FALSE,6,"4d6cef11-53b3-4dfb-a49b-dc2939553a1e","11","Scleractinia","7a950cb1-88cc-4401-9368-1495e64586ff",-39.272778,"RAP",950227200000,290423,NA,950227200000,"2","Mussismilia",NA,"2000-02-11T12:00:00Z",FALSE,FALSE,"Faviinae",267605,"Mussismilia hispida",TRUE,3,718680,"CI_BR",950227200000,"Anthozoa",1363,"Animalia",1292,"Cnidaria","Mussismilia hispida","Hexacorallia","Faviidae",2,"dde0dbd3-92fb-41e6-9f51-b1ae930a934b",36.93,4.5,7404,25.88,5,"1","(Verrill, 1901) ",NA,NA,"Nova Vicosa Reef","Brazil","Abrolhos","South Atlantic",NA,NA,NA,NA,NA,NA,NA,NA,NA,NA,NA,NA,NA,NA,NA,NA
2003,"urn:lsid:marinespecies.org:taxname:290423","2003","Mussismilia hispida",FALSE,290423,-23.032,1340,1267,196099,"PCABRS246",NA,"PreservedSpecimen",FALSE,11,"5115a594-30e0-4ecb-aa45-c94160512b08","28","Scleractinia","eddee438-1ec9-4e50-83ca-a7ee7bc324cc",-44.379,"Cnidaria",1067299200000,290423,NA,1067299200000,"10","Mussismilia",NA,"2003-10-28T12:00:00Z",FALSE,FALSE,"Faviinae",267605,"Mussismilia hispida",TRUE,11,718680,"MMA/BIO23",1067299200000,"Anthozoa",1363,"Animalia",1292,"Cnidaria","Mussismilia hispida","Hexacorallia","Faviidae",2,"dde0dbd3-92fb-41e6-9f51-b1ae930a934b",36,11,10,23.76,-6,"21","(Verrill, 1901)","Pires, D.O.; Castro, C.B.; Alvarenga, M.F.; Barros, M.M.L; Ratto, C.C.; Segal, B.",NA,"Ponta de Jurubaiba Ilha da Gipóia",NA,NA,NA,NA,NA,NA,NA,NA,NA,NA,NA,NA,NA,NA,NA,NA,NA,NA,NA
2003,"urn:lsid:marinespecies.org:taxname:290423","2003","Mussismilia hispida",FALSE,290423,-23.203,1340,1267,196099,"PCABRS232",NA,"PreservedSpecimen",FALSE,16.5,"52511db1-2254-4588-9fc0-cc615e50accb","15","Scleractinia","eddee438-1ec9-4e50-83ca-a7ee7bc324cc",-44.596,"Cnidaria",1068854400000,290423,NA,1068854400000,"11","Mussismilia",NA,"2003-11-15T12:00:00Z",FALSE,FALSE,"Faviinae",267605,"Mussismilia hispida",TRUE,16.5,718680,"MMA/BIO23",1068854400000,"Anthozoa",1363,"Animalia",1292,"Cnidaria","Mussismilia hispida","Hexacorallia","Faviidae",2,"dde0dbd3-92fb-41e6-9f51-b1ae930a934b",35.99,16.5,75,23.73,-43,"8","(Verrill, 1901)","Pires, D.O.; Castro, C.B.; Alvarenga, M.F.; Barros, M.M.L; Ratto, C.C.; Segal, B.",NA,"Ponta do Cedro Ilha do Algodao",NA,NA,NA,NA,NA,NA,NA,NA,NA,NA,NA,NA,NA,NA,NA,NA,NA,NA,NA
2003,"urn:lsid:marinespecies.org:taxname:290423","2003","Mussismilia hispida",FALSE,290423,-23.048,1340,1267,196099,"PCABRS243",NA,"PreservedSpecimen",FALSE,17,"534c7270-44cb-4969-aa86-7c21159b5936","30","Scleractinia","eddee438-1ec9-4e50-83ca-a7ee7bc324cc",-44.546,"Cnidaria",1.067472e+12,290423,NA,1.067472e+12,"10","Mussismilia",NA,"2003-10-30T12:00:00Z",FALSE,FALSE,"Faviinae",267605,"Mussismilia hispida",TRUE,17,718680,"MMA/BIO23",1.067472e+12,"Anthozoa",1363,"Animalia",1292,"Cnidaria","Mussismilia hispida","Hexacorallia","Faviidae",2,"dde0dbd3-92fb-41e6-9f51-b1ae930a934b",35.97,17,30,23.77,8,"16","(Verrill, 1901)","Pires, D.O.; Castro, C.B.; Alvarenga, M.F.; Barros, M.M.L; Ratto, C.C.; Segal, B.",NA,"Rochedo Sao Pedro",NA,NA,NA,NA,NA,NA,NA,NA,NA,NA,NA,NA,NA,NA,NA,NA,NA,NA,NA
2000,"urn:lsid:marinespecies.org:taxname:290423","2000","Mussismilia hispida",FALSE,290423,-17.980833,1340,1267,196099,"CSPM494",NA,"HumanObservation",FALSE,21.5,"5774b5e2-82e9-4b59-a9fb-6c0e748da981","24","Scleractinia","7a950cb1-88cc-4401-9368-1495e64586ff",-38.659722,"RAP",951350400000,290423,NA,951350400000,"2","Mussismilia",NA,"2000-02-24T12:00:00Z",FALSE,FALSE,"Faviinae",267605,"Mussismilia hispida",TRUE,0.5,718680,"CI_BR",951350400000,"Anthozoa",1363,"Animalia",1292,"Cnidaria","Mussismilia hispida","Hexacorallia","Faviidae",2,"dde0dbd3-92fb-41e6-9f51-b1ae930a934b",37.1,11,3855,25.9,3,"34","(Verrill, 1901) ",NA,NA,"Central Parcel dos Abrolhos, Abrolhos National Park","Brazil","Abrolhos","South Atlantic",NA,NA,NA,NA,NA,NA,NA,NA,NA,NA,NA,NA,NA,NA,NA,NA
2001,"urn:lsid:marinespecies.org:taxname:290423","2001","Mussismilia hispida",FALSE,290423,-20.704,1340,1267,196099,"MNRJ 4701",NA,"PreservedSpecimen",FALSE,NA,"57b1ee46-43b2-4e22-a20f-733a8c6d17a7","12","Scleractinia","300cb5e2-4431-4ec8-af71-8c6078305e50",-35.704,"Cnidaria",9.94896e+11,290423,NA,9.94896e+11,"07","Mussismilia",NA,"2001-07-12T12:00:00Z",FALSE,FALSE,"Faviinae",267605,"Mussismilia hispida",TRUE,NA,718680,"REVIZEE",9.94896e+11,"Anthozoa",1363,"Animalia",1292,"Cnidaria","Mussismilia hispida","Hexacorallia","Faviidae",2,"dde0dbd3-92fb-41e6-9f51-b1ae930a934b",37.3,NA,436155,25.97,2239,"C5-21R","(Verrill, 1902)","Barreira e Castro, C; Pires, D.O.; Medeiros, M.S.; Loiola, L.L.; Arantes, R.C.M.; Thiago, C.M.;Berman, E.",NA,NA,NA,NA,NA,NA,NA,NA,NA,NA,NA,NA,NA,NA,NA,NA,NA,NA,NA,NA,NA
2000,"urn:lsid:marinespecies.org:taxname:290423","2000","Mussismilia hispida",FALSE,290423,-17.745556,1340,1267,196099,"CSPM481",NA,"HumanObservation",FALSE,18,"5977fb5d-37a0-469d-b640-a8e0dde4aadb","19","Scleractinia","7a950cb1-88cc-4401-9368-1495e64586ff",-38.918889,"RAP",950918400000,290423,NA,950918400000,"2","Mussismilia",NA,"2000-02-19T12:00:00Z",FALSE,FALSE,"Faviinae",267605,"Mussismilia hispida",TRUE,9.5,718680,"CI_BR",950918400000,"Anthozoa",1363,"Animalia",1292,"Cnidaria","Mussismilia hispida","Hexacorallia","Faviidae",2,"dde0dbd3-92fb-41e6-9f51-b1ae930a934b",36.97,13.75,19356,25.89,6,"20","(Verrill, 1901) ",NA,NA,"Pedra Grande Reef, Parcel das Paredes","Brazil","Abrolhos","South Atlantic",NA,NA,NA,NA,NA,NA,NA,NA,NA,NA,NA,NA,NA,NA,NA,NA
2000,"urn:lsid:marinespecies.org:taxname:290423","2000","Mussismilia hispida",FALSE,290423,-17.715278,1340,1267,196099,"CSPM488",NA,"HumanObservation",FALSE,13,"5e36e19a-e883-4f60-817e-92dc1c4a802a","22","Scleractinia","7a950cb1-88cc-4401-9368-1495e64586ff",-38.600833,"RAP",951177600000,290423,NA,951177600000,"2","Mussismilia",NA,"2000-02-22T12:00:00Z",FALSE,FALSE,"Faviinae",267605,"Mussismilia hispida",TRUE,13,718680,"CI_BR",951177600000,"Anthozoa",1363,"Animalia",1292,"Cnidaria","Mussismilia hispida","Hexacorallia","Faviidae",2,"dde0dbd3-92fb-41e6-9f51-b1ae930a934b",37.11,13,29173,25.95,11,"27","(Verrill, 1901) ",NA,NA,"Caladas Falsas Bank","Brazil","Abrolhos","South Atlantic",NA,NA,NA,NA,NA,NA,NA,NA,NA,NA,NA,NA,NA,NA,NA,NA
2000,"urn:lsid:marinespecies.org:taxname:290423","2000","Mussismilia hispida",FALSE,290423,-17.9815006256,1340,1267,196099,"34293","present","HumanObservation",FALSE,3.5,"62d2ffab-289d-4d60-ba22-ed52a256e67c","28","Scleractinia","47edd06e-212a-4677-9abb-6384a0cac20a",-38.6951675415,"agrra_benthic",954201600000,290423,"33564",954201600000,"3","Mussismilia","Marks, K.W. 2007. AGRRA Database, version (05/2007). Available online http:www.agrra.org/Release_2007-05","2000-03-28T12:00:00Z",FALSE,FALSE,"Faviinae",267605,"Mussismilia hispida",TRUE,3.5,718680,"AGRRA",954201600000,"Anthozoa",1363,"Animalia",1292,"Cnidaria","Mussismilia hispida","Hexacorallia","Faviidae",2,"8385435b-bcf5-4bec-b827-8b480163d479",37.08,3.5,145,25.9,3,NA,NA,NA,NA,NA,NA,NA,NA,NA,NA,NA,NA,NA,NA,NA,NA,NA,NA,NA,NA,NA,NA,NA,NA
2003,"urn:lsid:marinespecies.org:taxname:290423","2003","Mussismilia hispida",FALSE,290423,-23.152,1340,1267,196099,"PCABRS234",NA,"PreservedSpecimen",FALSE,24.6,"62e058a5-efed-43f7-8eca-f384ee525bb8","18","Scleractinia","eddee438-1ec9-4e50-83ca-a7ee7bc324cc",-44.537,"Cnidaria",1069113600000,290423,NA,1069113600000,"11","Mussismilia",NA,"2003-11-18T12:00:00Z",FALSE,FALSE,"Faviinae",267605,"Mussismilia hispida",TRUE,24.6,718680,"MMA/BIO23",1069113600000,"Anthozoa",1363,"Animalia",1292,"Cnidaria","Mussismilia hispida","Hexacorallia","Faviidae",2,"dde0dbd3-92fb-41e6-9f51-b1ae930a934b",35.99,24.6,5077,23.78,17,"9","(Verrill, 1901)","Pires, D.O.; Castro, C.B.; Alvarenga, M.F.; Barros, M.M.L; Ratto, C.C.; Segal, B.",NA,"Parcel dos Meros",NA,NA,NA,NA,NA,NA,NA,NA,NA,NA,NA,NA,NA,NA,NA,NA,NA,NA,NA
2000,"urn:lsid:marinespecies.org:taxname:290423","2000","Mussismilia hispida",FALSE,290423,-18.020278,1340,1267,196099,"CSPM468",NA,"HumanObservation",FALSE,15.9,"671926d7-d2dc-4b94-9f60-9360cd85c3ab","12","Scleractinia","7a950cb1-88cc-4401-9368-1495e64586ff",-38.988333,"RAP",950313600000,290423,NA,950313600000,"2","Mussismilia",NA,"2000-02-12T12:00:00Z",FALSE,FALSE,"Faviinae",267605,"Mussismilia hispida",TRUE,3.9,718680,"CI_BR",950313600000,"Anthozoa",1363,"Animalia",1292,"Cnidaria","Mussismilia hispida","Hexacorallia","Faviidae",2,"dde0dbd3-92fb-41e6-9f51-b1ae930a934b",36.98,9.9,23789,25.91,7,"4","(Verrill, 1901) ",NA,NA,"Sequeiro of Popa Verde II","Brazil","Abrolhos","South Atlantic",NA,NA,NA,NA,NA,NA,NA,NA,NA,NA,NA,NA,NA,NA,NA,NA
2003,"urn:lsid:marinespecies.org:taxname:290423","2003","Mussismilia hispida",FALSE,290423,-23.193,1340,1267,196099,"PCABRS236",NA,"PreservedSpecimen",FALSE,10.4,"67ff1180-cbb9-4699-9b54-7fb4dc30ff7c","18","Scleractinia","eddee438-1ec9-4e50-83ca-a7ee7bc324cc",-44.644,"Cnidaria",1069113600000,290423,NA,1069113600000,"11","Mussismilia",NA,"2003-11-18T12:00:00Z",FALSE,FALSE,"Faviinae",267605,"Mussismilia hispida",TRUE,10.4,718680,"MMA/BIO23",1069113600000,"Anthozoa",1363,"Animalia",1292,"Cnidaria","Mussismilia hispida","Hexacorallia","Faviidae",2,"dde0dbd3-92fb-41e6-9f51-b1ae930a934b",35.99,10.4,78,23.73,-72,"10","(Verrill, 1901)","Pires, D.O.; Castro, C.B.; Alvarenga, M.F.; Barros, M.M.L; Ratto, C.C.; Segal, B.",NA,"Praia Vermelha Saco da Praia Vermelha",NA,NA,NA,NA,NA,NA,NA,NA,NA,NA,NA,NA,NA,NA,NA,NA,NA,NA,NA
2000,"urn:lsid:marinespecies.org:taxname:290423","2000","Mussismilia hispida",FALSE,290423,-16.895833,1340,1267,196099,"CSPM478",NA,"HumanObservation",FALSE,12.5,"741fbdda-3474-4d51-9217-29a413251cea","16","Scleractinia","7a950cb1-88cc-4401-9368-1495e64586ff",-39.091389,"RAP",950659200000,290423,NA,950659200000,"2","Mussismilia",NA,"2000-02-16T12:00:00Z",FALSE,FALSE,"Faviinae",267605,"Mussismilia hispida",TRUE,1,718680,"CI_BR",950659200000,"Anthozoa",1363,"Animalia",1292,"Cnidaria","Mussismilia hispida","Hexacorallia","Faviidae",2,"dde0dbd3-92fb-41e6-9f51-b1ae930a934b",36.87,6.75,2060,25.81,6,"16","(Verrill, 1901) ",NA,NA,"Pedra do Silva, Itacolomis Reefs","Brazil","Abrolhos","South Atlantic",NA,NA,NA,NA,NA,NA,NA,NA,NA,NA,NA,NA,NA,NA,NA,NA
2000,"urn:lsid:marinespecies.org:taxname:290423","2000","Mussismilia hispida",FALSE,290423,-17.350278,1340,1267,196099,"CSPM501",NA,"HumanObservation",FALSE,25,"7494077f-7b5a-4166-befe-14d40c5d728c","27","Scleractinia","7a950cb1-88cc-4401-9368-1495e64586ff",-38.873889,"RAP",951609600000,290423,NA,951609600000,"2","Mussismilia",NA,"2000-02-27T12:00:00Z",FALSE,FALSE,"Faviinae",267605,"Mussismilia hispida",TRUE,25,718680,"CI_BR",951609600000,"Anthozoa",1363,"Animalia",1292,"Cnidaria","Mussismilia hispida","Hexacorallia","Faviidae",2,"dde0dbd3-92fb-41e6-9f51-b1ae930a934b",37.03,25,28454,25.88,21,"41","(Verrill, 1901) ",NA,NA,"Plain of Calcareous Algae","Brazil","Abrolhos","South Atlantic",NA,NA,NA,NA,NA,NA,NA,NA,NA,NA,NA,NA,NA,NA,NA,NA
2003,"urn:lsid:marinespecies.org:taxname:290423","2003","Mussismilia hispida",FALSE,290423,-23.291,1340,1267,196099,"PCABRS225",NA,"PreservedSpecimen",FALSE,22.5,"752e4485-d6f6-447c-8156-2f940c17b658","17","Scleractinia","eddee438-1ec9-4e50-83ca-a7ee7bc324cc",-44.506,"Cnidaria",1069027200000,290423,NA,1069027200000,"11","Mussismilia",NA,"2003-11-17T12:00:00Z",FALSE,FALSE,"Faviinae",267605,"Mussismilia hispida",TRUE,22.5,718680,"MMA/BIO23",1069027200000,"Anthozoa",1363,"Animalia",1292,"Cnidaria","Mussismilia hispida","Hexacorallia","Faviidae",2,"dde0dbd3-92fb-41e6-9f51-b1ae930a934b",36.01,22.5,8,23.65,22,"1","(Verrill, 1901)","Pires, D.O.; Castro, C.B.; Alvarenga, M.F.; Barros, M.M.L; Ratto, C.C.; Segal, B.",NA,"Ponta de Juatinga",NA,NA,NA,NA,NA,NA,NA,NA,NA,NA,NA,NA,NA,NA,NA,NA,NA,NA,NA
2003,"urn:lsid:marinespecies.org:taxname:290423","2003","Mussismilia hispida",FALSE,290423,-23.113,1340,1267,196099,"PCABRS266",NA,"PreservedSpecimen",FALSE,26,"77128bf5-1b9f-4e34-b639-86f5dfbe9213","7","Scleractinia","eddee438-1ec9-4e50-83ca-a7ee7bc324cc",-44.297,"Cnidaria",1070755200000,290423,NA,1070755200000,"12","Mussismilia",NA,"2003-12-07T12:00:00Z",FALSE,FALSE,"Faviinae",267605,"Mussismilia hispida",TRUE,26,718680,"MMA/BIO23",1070755200000,"Anthozoa",1363,"Animalia",1292,"Cnidaria","Mussismilia hispida","Hexacorallia","Faviidae",2,"dde0dbd3-92fb-41e6-9f51-b1ae930a934b",36.02,26,207,23.74,-1,"40","(Verrill, 1901)","Pires, D.O.; Castro, C.B.; Alvarenga, M.F.; Barros, M.M.L; Ratto, C.C.; Segal, B.",NA,"Ponta Grossa de Sitio Forte Ilha Grande",NA,NA,NA,NA,NA,NA,NA,NA,NA,NA,NA,NA,NA,NA,NA,NA,NA,NA,NA
2000,"urn:lsid:marinespecies.org:taxname:290423","2000","Mussismilia hispida",FALSE,290423,-17.955165863,1340,1267,196099,"34990","present","HumanObservation",FALSE,7,"77fa6388-5e5f-4a48-bce3-085e98e4864f","24","Scleractinia","47edd06e-212a-4677-9abb-6384a0cac20a",-38.6533317566,"agrra_benthic",9.53856e+11,290423,"33970",9.53856e+11,"3","Mussismilia","Marks, K.W. 2007. AGRRA Database, version (05/2007). Available online http:www.agrra.org/Release_2007-05","2000-03-24T12:00:00Z",FALSE,FALSE,"Faviinae",267605,"Mussismilia hispida",TRUE,7,718680,"AGRRA",9.53856e+11,"Anthozoa",1363,"Animalia",1292,"Cnidaria","Mussismilia hispida","Hexacorallia","Faviidae",2,"8385435b-bcf5-4bec-b827-8b480163d479",37.1,7,4273,25.9,5,NA,NA,NA,NA,NA,NA,NA,NA,NA,NA,NA,NA,NA,NA,NA,NA,NA,NA,NA,NA,NA,NA,NA,NA
2004,"urn:lsid:marinespecies.org:taxname:290423","2004","Mussismilia hispida",FALSE,290423,-23.152,1340,1267,196099,"PCABRS235",NA,"PreservedSpecimen",FALSE,24.6,"78be7e6d-1832-44ab-b01c-3bcabbcc0ffe","19","Scleractinia","eddee438-1ec9-4e50-83ca-a7ee7bc324cc",-44.537,"Cnidaria",1084924800000,290423,NA,1084924800000,"5","Mussismilia",NA,"2004-05-19T12:00:00Z",FALSE,FALSE,"Faviinae",267605,"Mussismilia hispida",TRUE,24.6,718680,"MMA/BIO23",1084924800000,"Anthozoa",1363,"Animalia",1292,"Cnidaria","Mussismilia hispida","Hexacorallia","Faviidae",2,"dde0dbd3-92fb-41e6-9f51-b1ae930a934b",35.99,24.6,5077,23.78,17,"9","(Verrill, 1901)","Pires, D.O.; Castro, C.B.; Alvarenga, M.F.; Barros, M.M.L; Ratto, C.C.; Segal, B.",NA,"Parcel dos Meros",NA,NA,NA,NA,NA,NA,NA,NA,NA,NA,NA,NA,NA,NA,NA,NA,NA,NA,NA
2000,"urn:lsid:marinespecies.org:taxname:290423","2000","Mussismilia hispida",FALSE,290423,-17.786389,1340,1267,196099,"CSPM504",NA,"HumanObservation",FALSE,12,"79b106e1-c870-4538-a95f-0652d206782b","28","Scleractinia","7a950cb1-88cc-4401-9368-1495e64586ff",-39.048333,"RAP",9.51696e+11,290423,NA,9.51696e+11,"2","Mussismilia",NA,"2000-02-28T12:00:00Z",FALSE,FALSE,"Faviinae",267605,"Mussismilia hispida",TRUE,2.5,718680,"CI_BR",9.51696e+11,"Anthozoa",1363,"Animalia",1292,"Cnidaria","Mussismilia hispida","Hexacorallia","Faviidae",2,"dde0dbd3-92fb-41e6-9f51-b1ae930a934b",36.95,7.25,13302,25.9,3,"45","(Verrill, 1901) ",NA,NA,"Pedra de Leste, Parcel das Paredes","Brazil","Abrolhos","South Atlantic",NA,NA,NA,NA,NA,NA,NA,NA,NA,NA,NA,NA,NA,NA,NA,NA
2000,"urn:lsid:marinespecies.org:taxname:290423","2000","Mussismilia hispida",FALSE,290423,-17.721389,1340,1267,196099,"CSPM489",NA,"HumanObservation",FALSE,25,"7ecca0c7-403f-44dc-b14e-1b3c11b60b03","22","Scleractinia","7a950cb1-88cc-4401-9368-1495e64586ff",-38.601389,"RAP",951177600000,290423,NA,951177600000,"2","Mussismilia",NA,"2000-02-22T12:00:00Z",FALSE,FALSE,"Faviinae",267605,"Mussismilia hispida",TRUE,16,718680,"CI_BR",951177600000,"Anthozoa",1363,"Animalia",1292,"Cnidaria","Mussismilia hispida","Hexacorallia","Faviidae",2,"dde0dbd3-92fb-41e6-9f51-b1ae930a934b",37.11,20.5,28518,25.95,13,"28","(Verrill, 1901) ",NA,NA,"Border of Caladas Falsas Bank","Brazil","Abrolhos","South Atlantic",NA,NA,NA,NA,NA,NA,NA,NA,NA,NA,NA,NA,NA,NA,NA,NA
2000,"urn:lsid:marinespecies.org:taxname:290423","2000","Mussismilia hispida",FALSE,290423,-17.992778,1340,1267,196099,"CSPM490",NA,"HumanObservation",FALSE,17.5,"80b91197-b2d3-43ff-8d3a-36ab5b28dbc9","22","Scleractinia","7a950cb1-88cc-4401-9368-1495e64586ff",-38.756389,"RAP",951177600000,290423,NA,951177600000,"2","Mussismilia",NA,"2000-02-22T12:00:00Z",FALSE,FALSE,"Faviinae",267605,"Mussismilia hispida",TRUE,10,718680,"CI_BR",951177600000,"Anthozoa",1363,"Animalia",1292,"Cnidaria","Mussismilia hispida","Hexacorallia","Faviidae",2,"dde0dbd3-92fb-41e6-9f51-b1ae930a934b",37.05,13.75,5396,25.9,10,"29","(Verrill, 1901) ",NA,NA,"Eastern Abrolhos Channel","Brazil","Abrolhos","South Atlantic",NA,NA,NA,NA,NA,NA,NA,NA,NA,NA,NA,NA,NA,NA,NA,NA
2000,"urn:lsid:marinespecies.org:taxname:290423","2000","Mussismilia hispida",FALSE,290423,-18.003889,1340,1267,196099,"CSPM487",NA,"HumanObservation",FALSE,NA,"81b765bd-71cb-4c56-b37a-15d28c947b1f","21","Scleractinia","7a950cb1-88cc-4401-9368-1495e64586ff",-38.703611,"RAP",951091200000,290423,NA,951091200000,"2","Mussismilia",NA,"2000-02-21T12:00:00Z",FALSE,FALSE,"Faviinae",267605,"Mussismilia hispida",TRUE,NA,718680,"CI_BR",951091200000,"Anthozoa",1363,"Animalia",1292,"Cnidaria","Mussismilia hispida","Hexacorallia","Faviidae",2,"dde0dbd3-92fb-41e6-9f51-b1ae930a934b",37.08,NA,2488,25.91,5,"26","(Verrill, 1901) ",NA,NA,"Western Parcel dos Abrolhos, Abrolhos National Park","Brazil","Abrolhos","South Atlantic",NA,NA,NA,NA,NA,NA,NA,NA,NA,NA,NA,NA,NA,NA,NA,NA
2003,"urn:lsid:marinespecies.org:taxname:290423","2003","Mussismilia hispida",FALSE,290423,-23.214,1340,1267,196099,"PCABRS238",NA,"PreservedSpecimen",FALSE,3,"853eb3fb-12b8-41cd-83f6-e50fe2df9b45","21","Scleractinia","eddee438-1ec9-4e50-83ca-a7ee7bc324cc",-44.69,"Cnidaria",1069372800000,290423,NA,1069372800000,"11","Mussismilia",NA,"2003-11-21T12:00:00Z",FALSE,FALSE,"Faviinae",267605,"Mussismilia hispida",TRUE,3,718680,"MMA/BIO23",1069372800000,"Anthozoa",1363,"Animalia",1292,"Cnidaria","Mussismilia hispida","Hexacorallia","Faviidae",2,"dde0dbd3-92fb-41e6-9f51-b1ae930a934b",36.01,3,101,23.7,2,"11","(Verrill, 1901)","Pires, D.O.; Castro, C.B.; Alvarenga, M.F.; Barros, M.M.L; Ratto, C.C.; Segal, B.",NA,"Ilha da Bexiga Baia de Parati",NA,NA,NA,NA,NA,NA,NA,NA,NA,NA,NA,NA,NA,NA,NA,NA,NA,NA,NA
1995,"urn:lsid:marinespecies.org:taxname:290423","1995","Mussismilia hispida",FALSE,290423,-23.8292,1340,1267,196099,"1997.1",NA,"PreservedSpecimen",FALSE,5,"8a027a0c-1f57-4889-ada9-17d191383e27",NA,"Scleractinia","54d75f8a-0ced-44b6-b35a-d04c9183020f",-45.4228,"AM",804643200000,290423,NA,804643200000,NA,"Mussismilia",NA,"1995-07-02T12:00:00Z",FALSE,FALSE,"Faviinae",267605,"Mussismilia hispida",TRUE,3,718680,"CEBIMar USP",804643200000,"Anthozoa",1363,"Animalia",1292,"Cnidaria","Mussismilia hispida","Hexacorallia","Faviidae",2,"dde0dbd3-92fb-41e6-9f51-b1ae930a934b",36,4,16,23.49,-4,NA,"(Verrill, 1901)",NA,NA,"Ponta do Jaroba","Brazil","Sao Sebastiao","South Atlantic",NA,NA,NA,NA,NA,NA,NA,NA,NA,NA,NA,NA,NA,NA,NA,NA
2000,"urn:lsid:marinespecies.org:taxname:290423","2000","Mussismilia hispida",FALSE,290423,-18.012778,1340,1267,196099,"CSPM491",NA,"HumanObservation",FALSE,18,"8a81e38e-2223-4c1d-80e4-4b025c914805","23","Scleractinia","7a950cb1-88cc-4401-9368-1495e64586ff",-38.639444,"RAP",9.51264e+11,290423,NA,9.51264e+11,"2","Mussismilia",NA,"2000-02-23T12:00:00Z",FALSE,FALSE,"Faviinae",267605,"Mussismilia hispida",TRUE,10,718680,"CI_BR",9.51264e+11,"Anthozoa",1363,"Animalia",1292,"Cnidaria","Mussismilia hispida","Hexacorallia","Faviidae",2,"dde0dbd3-92fb-41e6-9f51-b1ae930a934b",37.11,14,6984,25.91,7,"30","(Verrill, 1901) ",NA,NA,"Eastern Parcel dos Abrolhos, Abrolhos National Park","Brazil","Abrolhos","South Atlantic",NA,NA,NA,NA,NA,NA,NA,NA,NA,NA,NA,NA,NA,NA,NA,NA
1997,"urn:lsid:marinespecies.org:taxname:290423","1997","Mussismilia hispida",FALSE,290423,-20.511,1340,1267,196099,"MNRJ 4377",NA,"PreservedSpecimen",FALSE,59,"91fc6548-bbef-48e4-9d39-89b5a199d067","08","Scleractinia","300cb5e2-4431-4ec8-af71-8c6078305e50",-35.838,"Cnidaria",878947200000,290423,NA,878947200000,"11","Mussismilia",NA,"1997-11-08T12:00:00Z",FALSE,FALSE,"Faviinae",267605,"Mussismilia hispida",TRUE,59,718680,"REVIZEE",878947200000,"Anthozoa",1363,"Animalia",1292,"Cnidaria","Mussismilia hispida","Hexacorallia","Faviidae",2,"dde0dbd3-92fb-41e6-9f51-b1ae930a934b",37.32,59,411310,26.02,362,"C2-22R","(Verrill, 1902)","Barreira e Castro, C; Pires, D.O.; Medeiros, M.S.; Loiola, L.L.; Arantes, R.C.M.; Thiago, C.M.;Berman, E.",NA,NA,NA,NA,NA,NA,NA,NA,NA,NA,NA,NA,NA,NA,NA,NA,NA,NA,NA,NA,NA
2003,"urn:lsid:marinespecies.org:taxname:290423","2003","Mussismilia hispida",FALSE,290423,-23.164,1340,1267,196099,"PCABRS258",NA,"PreservedSpecimen",FALSE,15.5,"92a470bb-3723-4397-b7db-ead4ba227d3c","5","Scleractinia","eddee438-1ec9-4e50-83ca-a7ee7bc324cc",-44.099,"Cnidaria",1070582400000,290423,NA,1070582400000,"12","Mussismilia",NA,"2003-12-05T12:00:00Z",FALSE,FALSE,"Faviinae",267605,"Mussismilia hispida",TRUE,15.5,718680,"MMA/BIO23",1070582400000,"Anthozoa",1363,"Animalia",1292,"Cnidaria","Mussismilia hispida","Hexacorallia","Faviidae",2,"dde0dbd3-92fb-41e6-9f51-b1ae930a934b",36.06,15.5,21,23.7,-12,"33","(Verrill, 1901)","Pires, D.O.; Castro, C.B.; Alvarenga, M.F.; Barros, M.M.L; Ratto, C.C.; Segal, B.",NA,"Saco dos Castelhanos Ilha Grande",NA,NA,NA,NA,NA,NA,NA,NA,NA,NA,NA,NA,NA,NA,NA,NA,NA,NA,NA
2000,"urn:lsid:marinespecies.org:taxname:290423","2000","Mussismilia hispida",FALSE,290423,-17.708056,1340,1267,196099,"CSPM506",NA,"HumanObservation",FALSE,13,"9390f7a9-bee7-44ea-bba0-ad97aab360e1","18","Scleractinia","7a950cb1-88cc-4401-9368-1495e64586ff",-39.000833,"RAP",9.50832e+11,290423,NA,9.50832e+11,"2","Mussismilia",NA,"2000-02-18T12:00:00Z",FALSE,FALSE,"Faviinae",267605,"Mussismilia hispida",TRUE,4,718680,"CI_BR",9.50832e+11,"Anthozoa",1363,"Animalia",1292,"Cnidaria","Mussismilia hispida","Hexacorallia","Faviidae",2,"dde0dbd3-92fb-41e6-9f51-b1ae930a934b",36.95,8.5,11261,25.89,13,"19E","(Verrill, 1901) ",NA,NA,"Lixa Reef, Parcel das Paredes","Brazil","Abrolhos","South Atlantic",NA,NA,NA,NA,NA,NA,NA,NA,NA,NA,NA,NA,NA,NA,NA,NA
2000,"urn:lsid:marinespecies.org:taxname:290423","2000","Mussismilia hispida",FALSE,290423,-16.951389,1340,1267,196099,"CSPM505",NA,"HumanObservation",FALSE,8,"942f2411-9c35-4e78-9577-8e122bd056fd","15","Scleractinia","7a950cb1-88cc-4401-9368-1495e64586ff",-39.113333,"RAP",950572800000,290423,NA,950572800000,"2","Mussismilia",NA,"2000-02-15T12:00:00Z",FALSE,FALSE,"Faviinae",267605,"Mussismilia hispida",TRUE,2,718680,"CI_BR",950572800000,"Anthozoa",1363,"Animalia",1292,"Cnidaria","Mussismilia hispida","Hexacorallia","Faviidae",2,"dde0dbd3-92fb-41e6-9f51-b1ae930a934b",36.9,5,38,25.86,5,"13E","(Verrill, 1901) ",NA,NA,"Mato Grosso Reef","Brazil","Abrolhos","South Atlantic",NA,NA,NA,NA,NA,NA,NA,NA,NA,NA,NA,NA,NA,NA,NA,NA
2004,"urn:lsid:marinespecies.org:taxname:290423","2004","Mussismilia hispida",FALSE,290423,-23.079,1340,1267,196099,"PCABRS255",NA,"PreservedSpecimen",FALSE,19,"947c7205-0535-405c-b387-8e614b0f7577","28","Scleractinia","eddee438-1ec9-4e50-83ca-a7ee7bc324cc",-44.225,"Cnidaria",1085702400000,290423,NA,1085702400000,"5","Mussismilia",NA,"2004-05-28T12:00:00Z",FALSE,FALSE,"Faviinae",267605,"Mussismilia hispida",TRUE,19,718680,"MMA/BIO23",1085702400000,"Anthozoa",1363,"Animalia",1292,"Cnidaria","Mussismilia hispida","Hexacorallia","Faviidae",2,"dde0dbd3-92fb-41e6-9f51-b1ae930a934b",36.01,19,262,23.73,35,"30","(Verrill, 1901)","Pires, D.O.; Castro, C.B.; Alvarenga, M.F.; Barros, M.M.L; Ratto, C.C.; Segal, B.",NA,"Ilha de Macacos",NA,NA,NA,NA,NA,NA,NA,NA,NA,NA,NA,NA,NA,NA,NA,NA,NA,NA,NA
2003,"urn:lsid:marinespecies.org:taxname:290423","2003","Mussismilia hispida",FALSE,290423,-23.085,1340,1267,196099,"PCABRS249",NA,"PreservedSpecimen",FALSE,17,"9483982d-9eea-49c8-9bb5-9acd628e5c6a","31","Scleractinia","eddee438-1ec9-4e50-83ca-a7ee7bc324cc",-44.31,"Cnidaria",1067558400000,290423,NA,1067558400000,"10","Mussismilia",NA,"2003-10-31T12:00:00Z",FALSE,FALSE,"Faviinae",267605,"Mussismilia hispida",TRUE,17,718680,"MMA/BIO23",1067558400000,"Anthozoa",1363,"Animalia",1292,"Cnidaria","Mussismilia hispida","Hexacorallia","Faviidae",2,"dde0dbd3-92fb-41e6-9f51-b1ae930a934b",36.02,17,31,23.74,281,"25","(Verrill, 1901)","Pires, D.O.; Castro, C.B.; Alvarenga, M.F.; Barros, M.M.L; Ratto, C.C.; Segal, B.",NA,"Ilha Queimada Grande",NA,NA,NA,NA,NA,NA,NA,NA,NA,NA,NA,NA,NA,NA,NA,NA,NA,NA,NA
2003,"urn:lsid:marinespecies.org:taxname:290423","2003","Mussismilia hispida",FALSE,290423,-23.167,1340,1267,196099,"PCABRS262",NA,"PreservedSpecimen",FALSE,24,"9574c985-92a2-4dbb-8a4d-393c14b10a6e","6","Scleractinia","eddee438-1ec9-4e50-83ca-a7ee7bc324cc",-44.373,"Cnidaria",1070668800000,290423,NA,1070668800000,"12","Mussismilia",NA,"2003-12-06T12:00:00Z",FALSE,FALSE,"Faviinae",267605,"Mussismilia hispida",TRUE,24,718680,"MMA/BIO23",1070668800000,"Anthozoa",1363,"Animalia",1292,"Cnidaria","Mussismilia hispida","Hexacorallia","Faviidae",2,"dde0dbd3-92fb-41e6-9f51-b1ae930a934b",36.04,24,131,23.72,-131,"38","(Verrill, 1901)","Pires, D.O.; Castro, C.B.; Alvarenga, M.F.; Barros, M.M.L; Ratto, C.C.; Segal, B.",NA,"Ponta Acaia Ilha Grande",NA,NA,NA,NA,NA,NA,NA,NA,NA,NA,NA,NA,NA,NA,NA,NA,NA,NA,NA
2000,"urn:lsid:marinespecies.org:taxname:290423","2000","Mussismilia hispida",FALSE,290423,-17.421944,1340,1267,196099,"CSPM472",NA,"HumanObservation",FALSE,9,"9616aa16-f7cd-42fd-b5e8-0e5f913dd5dd","14","Scleractinia","7a950cb1-88cc-4401-9368-1495e64586ff",-39.135278,"RAP",950486400000,290423,NA,950486400000,"2","Mussismilia",NA,"2000-02-14T12:00:00Z",FALSE,FALSE,"Faviinae",267605,"Mussismilia hispida",TRUE,1.5,718680,"CI_BR",950486400000,"Anthozoa",1363,"Animalia",1292,"Cnidaria","Mussismilia hispida","Hexacorallia","Faviidae",2,"dde0dbd3-92fb-41e6-9f51-b1ae930a934b",36.96,5.25,32,25.85,2,"9","(Verrill, 1901) ",NA,NA,"Guaratibas Reef","Brazil","Abrolhos","South Atlantic",NA,NA,NA,NA,NA,NA,NA,NA,NA,NA,NA,NA,NA,NA,NA,NA
2000,"urn:lsid:marinespecies.org:taxname:290423","2000","Mussismilia hispida",FALSE,290423,-17.605278,1340,1267,196099,"CSPM503",NA,"HumanObservation",FALSE,7,"964390d8-1bff-4c50-84b4-d3069958a257","27","Scleractinia","7a950cb1-88cc-4401-9368-1495e64586ff",-39.050833,"RAP",951609600000,290423,NA,951609600000,"2","Mussismilia",NA,"2000-02-27T12:00:00Z",FALSE,FALSE,"Faviinae",267605,"Mussismilia hispida",TRUE,3,718680,"CI_BR",951609600000,"Anthozoa",1363,"Animalia",1292,"Cnidaria","Mussismilia hispida","Hexacorallia","Faviidae",2,"dde0dbd3-92fb-41e6-9f51-b1ae930a934b",36.95,5,62,25.89,10,"43","(Verrill, 1901) ",NA,NA,"Areia Reef","Brazil","Abrolhos","South Atlantic",NA,NA,NA,NA,NA,NA,NA,NA,NA,NA,NA,NA,NA,NA,NA,NA
2000,"urn:lsid:marinespecies.org:taxname:290423","2000","Mussismilia hispida",FALSE,290423,-17.9920005798,1340,1267,196099,"34783","present","HumanObservation",FALSE,7.5,"981d2f17-8b74-4b89-ab1c-bc48239f3019","22","Scleractinia","47edd06e-212a-4677-9abb-6384a0cac20a",-38.6694984436,"agrra_benthic",953683200000,290423,"25664",953683200000,"3","Mussismilia","Marks, K.W. 2007. AGRRA Database, version (05/2007). Available online http:www.agrra.org/Release_2007-05","2000-03-22T12:00:00Z",FALSE,FALSE,"Faviinae",267605,"Mussismilia hispida",TRUE,7.5,718680,"AGRRA",953683200000,"Anthozoa",1363,"Animalia",1292,"Cnidaria","Mussismilia hispida","Hexacorallia","Faviidae",2,"8385435b-bcf5-4bec-b827-8b480163d479",37.08,7.5,3092,25.9,2,NA,NA,NA,NA,NA,NA,NA,NA,NA,NA,NA,NA,NA,NA,NA,NA,NA,NA,NA,NA,NA,NA,NA,NA
2003,"urn:lsid:marinespecies.org:taxname:290423","2003","Mussismilia hispida",FALSE,290423,-23.102,1340,1267,196099,"PCABRS256",NA,"PreservedSpecimen",FALSE,18,"99bdc9a3-dc04-4356-96c9-315837f17f9d","1","Scleractinia","eddee438-1ec9-4e50-83ca-a7ee7bc324cc",-44.191,"Cnidaria",1070236800000,290423,NA,1070236800000,"12","Mussismilia",NA,"2003-12-01T12:00:00Z",FALSE,FALSE,"Faviinae",267605,"Mussismilia hispida",TRUE,18,718680,"MMA/BIO23",1070236800000,"Anthozoa",1363,"Animalia",1292,"Cnidaria","Mussismilia hispida","Hexacorallia","Faviidae",2,"dde0dbd3-92fb-41e6-9f51-b1ae930a934b",36.03,18,31,23.69,99,"31","(Verrill, 1901)","Pires, D.O.; Castro, C.B.; Alvarenga, M.F.; Barros, M.M.L; Ratto, C.C.; Segal, B.",NA,"Ponta da Enseada Ilha Grande",NA,NA,NA,NA,NA,NA,NA,NA,NA,NA,NA,NA,NA,NA,NA,NA,NA,NA,NA
2004,"urn:lsid:marinespecies.org:taxname:290423","2004","Mussismilia hispida",FALSE,290423,-23.291,1340,1267,196099,"PCABRS226",NA,"PreservedSpecimen",FALSE,22.5,"9c151ffa-970f-4eae-ae14-15eb98a6af97","21","Scleractinia","eddee438-1ec9-4e50-83ca-a7ee7bc324cc",-44.506,"Cnidaria",1085097600000,290423,NA,1085097600000,"5","Mussismilia",NA,"2004-05-21T12:00:00Z",FALSE,FALSE,"Faviinae",267605,"Mussismilia hispida",TRUE,22.5,718680,"MMA/BIO23",1085097600000,"Anthozoa",1363,"Animalia",1292,"Cnidaria","Mussismilia hispida","Hexacorallia","Faviidae",2,"dde0dbd3-92fb-41e6-9f51-b1ae930a934b",36.01,22.5,8,23.65,22,"1","(Verrill, 1901)","Pires, D.O.; Castro, C.B.; Alvarenga, M.F.; Barros, M.M.L; Ratto, C.C.; Segal, B.",NA,"Ponta de Juatinga",NA,NA,NA,NA,NA,NA,NA,NA,NA,NA,NA,NA,NA,NA,NA,NA,NA,NA,NA
2000,"urn:lsid:marinespecies.org:taxname:290423","2000","Mussismilia hispida",FALSE,290423,-16.891667,1340,1267,196099,"CSPM480",NA,"HumanObservation",FALSE,5.5,"a0554b75-e9be-4d5c-84e2-60360bec37c5","17","Scleractinia","7a950cb1-88cc-4401-9368-1495e64586ff",-39.065278,"RAP",950745600000,290423,NA,950745600000,"2","Mussismilia",NA,"2000-02-17T12:00:00Z",FALSE,FALSE,"Faviinae",267605,"Mussismilia hispida",TRUE,1,718680,"CI_BR",950745600000,"Anthozoa",1363,"Animalia",1292,"Cnidaria","Mussismilia hispida","Hexacorallia","Faviidae",2,"dde0dbd3-92fb-41e6-9f51-b1ae930a934b",36.87,3.25,4868,25.93,5,"18","(Verrill, 1901) ",NA,NA,"Costao, Itacolomis Reefs","Brazil","Abrolhos","South Atlantic",NA,NA,NA,NA,NA,NA,NA,NA,NA,NA,NA,NA,NA,NA,NA,NA
2001,"urn:lsid:marinespecies.org:taxname:290423","2001","Mussismilia hispida",FALSE,290423,-20.857,1340,1267,196099,"MNRJ 4783 / MNRJ 5124",NA,"PreservedSpecimen",FALSE,65,"a3b38e08-58de-4aa0-9eb7-d62808274bd3","11","Scleractinia","300cb5e2-4431-4ec8-af71-8c6078305e50",-33.636,"Cnidaria",994809600000,290423,NA,994809600000,"07","Mussismilia",NA,"2001-07-11T12:00:00Z",FALSE,FALSE,"Faviinae",267605,"Mussismilia hispida",TRUE,65,718680,"REVIZEE",994809600000,"Anthozoa",1363,"Animalia",1292,"Cnidaria","Mussismilia hispida","Hexacorallia","Faviidae",2,"dde0dbd3-92fb-41e6-9f51-b1ae930a934b",37.26,65,447947,25.73,40,"C5-44R","(Verrill, 1902)","Barreira e Castro, C; Pires, D.O.; Medeiros, M.S.; Loiola, L.L.; Arantes, R.C.M.; Thiago, C.M.;Berman, E.",NA,NA,NA,NA,NA,NA,NA,NA,NA,NA,NA,NA,NA,NA,NA,NA,NA,NA,NA,NA,NA
2000,"urn:lsid:marinespecies.org:taxname:290423","2000","Mussismilia hispida",FALSE,290423,-17.968000412,1340,1267,196099,"34856","present","HumanObservation",FALSE,8,"a4318a59-a649-4920-b7f8-583ff5325332","23","Scleractinia","47edd06e-212a-4677-9abb-6384a0cac20a",-38.6556663513,"agrra_benthic",953769600000,290423,"9952",953769600000,"3","Mussismilia","Marks, K.W. 2007. AGRRA Database, version (05/2007). Available online http:www.agrra.org/Release_2007-05","2000-03-23T12:00:00Z",FALSE,FALSE,"Faviinae",267605,"Mussismilia hispida",TRUE,6,718680,"AGRRA",953769600000,"Anthozoa",1363,"Animalia",1292,"Cnidaria","Mussismilia hispida","Hexacorallia","Faviidae",2,"8385435b-bcf5-4bec-b827-8b480163d479",37.1,7,3889,25.9,4,NA,NA,NA,NA,NA,NA,NA,NA,NA,NA,NA,NA,NA,NA,NA,NA,NA,NA,NA,NA,NA,NA,NA,NA
2004,"urn:lsid:marinespecies.org:taxname:290423","2004","Mussismilia hispida",FALSE,290423,-23.07,1340,1267,196099,"PCABRS270",NA,"PreservedSpecimen",FALSE,30,"a48fb54a-f415-4358-be5f-b6ac7d1d0b89","28","Scleractinia","eddee438-1ec9-4e50-83ca-a7ee7bc324cc",-44.253,"Cnidaria",1085702400000,290423,NA,1085702400000,"5","Mussismilia",NA,"2004-05-28T12:00:00Z",FALSE,FALSE,"Faviinae",267605,"Mussismilia hispida",TRUE,30,718680,"MMA/BIO23",1085702400000,"Anthozoa",1363,"Animalia",1292,"Cnidaria","Mussismilia hispida","Hexacorallia","Faviidae",2,"dde0dbd3-92fb-41e6-9f51-b1ae930a934b",36,30,18,23.75,-1,"42","(Verrill, 1901)","Pires, D.O.; Castro, C.B.; Alvarenga, M.F.; Barros, M.M.L; Ratto, C.C.; Segal, B.",NA,"Ilha Itacuatiba",NA,NA,NA,NA,NA,NA,NA,NA,NA,NA,NA,NA,NA,NA,NA,NA,NA,NA,NA
2000,"urn:lsid:marinespecies.org:taxname:290423","2000","Mussismilia hispida",FALSE,290423,-17.819167,1340,1267,196099,"CSPM482",NA,"HumanObservation",FALSE,18,"a7f8bfb1-766f-4b32-826c-e216317d8399","19","Scleractinia","7a950cb1-88cc-4401-9368-1495e64586ff",-38.924722,"RAP",950918400000,290423,NA,950918400000,"2","Mussismilia",NA,"2000-02-19T12:00:00Z",FALSE,FALSE,"Faviinae",267605,"Mussismilia hispida",TRUE,6,718680,"CI_BR",950918400000,"Anthozoa",1363,"Animalia",1292,"Cnidaria","Mussismilia hispida","Hexacorallia","Faviidae",2,"dde0dbd3-92fb-41e6-9f51-b1ae930a934b",36.96,12,25852,25.9,23,"21","(Verrill, 1901) ",NA,NA,"Eastern Parcel das Paredes","Brazil","Abrolhos","South Atlantic",NA,NA,NA,NA,NA,NA,NA,NA,NA,NA,NA,NA,NA,NA,NA,NA
2004,"urn:lsid:marinespecies.org:taxname:290423","2004","Mussismilia hispida",FALSE,290423,-23.214,1340,1267,196099,"PCABRS239",NA,"PreservedSpecimen",FALSE,3,"aa95c93a-e2f6-4b92-99a9-9c2dcfbf2d79","20","Scleractinia","eddee438-1ec9-4e50-83ca-a7ee7bc324cc",-44.69,"Cnidaria",1085011200000,290423,NA,1085011200000,"5","Mussismilia",NA,"2004-05-20T12:00:00Z",FALSE,FALSE,"Faviinae",267605,"Mussismilia hispida",TRUE,3,718680,"MMA/BIO23",1085011200000,"Anthozoa",1363,"Animalia",1292,"Cnidaria","Mussismilia hispida","Hexacorallia","Faviidae",2,"dde0dbd3-92fb-41e6-9f51-b1ae930a934b",36.01,3,101,23.7,2,"11","(Verrill, 1901)","Pires, D.O.; Castro, C.B.; Alvarenga, M.F.; Barros, M.M.L; Ratto, C.C.; Segal, B.",NA,"Ilha da Bexiga Baia de Parati",NA,NA,NA,NA,NA,NA,NA,NA,NA,NA,NA,NA,NA,NA,NA,NA,NA,NA,NA
2000,"urn:lsid:marinespecies.org:taxname:290423","2000","Mussismilia hispida",FALSE,290423,-16.951389,1340,1267,196099,"CSPM475",NA,"HumanObservation",FALSE,6,"abeea2aa-a6ed-4c53-8d98-b99299a52574","15","Scleractinia","7a950cb1-88cc-4401-9368-1495e64586ff",-39.113333,"RAP",950572800000,290423,NA,950572800000,"2","Mussismilia",NA,"2000-02-15T12:00:00Z",FALSE,FALSE,"Faviinae",267605,"Mussismilia hispida",TRUE,1,718680,"CI_BR",950572800000,"Anthozoa",1363,"Animalia",1292,"Cnidaria","Mussismilia hispida","Hexacorallia","Faviidae",2,"dde0dbd3-92fb-41e6-9f51-b1ae930a934b",36.9,3.5,38,25.86,5,"13","(Verrill, 1901) ",NA,NA,"Mato Grosso Reef","Brazil","Abrolhos","South Atlantic",NA,NA,NA,NA,NA,NA,NA,NA,NA,NA,NA,NA,NA,NA,NA,NA
2000,"urn:lsid:marinespecies.org:taxname:290423","2000","Mussismilia hispida",FALSE,290423,-18.011111,1340,1267,196099,"CSPM469",NA,"HumanObservation",FALSE,NA,"b1fe7588-cdef-4981-87c1-e08ae3279116","12","Scleractinia","7a950cb1-88cc-4401-9368-1495e64586ff",-39.018333,"RAP",950313600000,290423,NA,950313600000,"2","Mussismilia",NA,"2000-02-12T12:00:00Z",FALSE,FALSE,"Faviinae",267605,"Mussismilia hispida",TRUE,21,718680,"CI_BR",950313600000,"Anthozoa",1363,"Animalia",1292,"Cnidaria","Mussismilia hispida","Hexacorallia","Faviidae",2,"dde0dbd3-92fb-41e6-9f51-b1ae930a934b",36.97,21,20464,25.9,11,"5","(Verrill, 1901) ",NA,NA,"Western Popa Verde","Brazil","Abrolhos","South Atlantic",NA,NA,NA,NA,NA,NA,NA,NA,NA,NA,NA,NA,NA,NA,NA,NA
2000,"urn:lsid:marinespecies.org:taxname:290423","2000","Mussismilia hispida",FALSE,290423,-17.003889,1340,1267,196099,"CSPM474",NA,"HumanObservation",FALSE,4,"b22b4af9-8608-44cf-ba62-237a580a2058","15","Scleractinia","7a950cb1-88cc-4401-9368-1495e64586ff",-39.126944,"RAP",950572800000,290423,NA,950572800000,"2","Mussismilia",NA,"2000-02-15T12:00:00Z",FALSE,FALSE,"Faviinae",267605,"Mussismilia hispida",TRUE,1.6,718680,"CI_BR",950572800000,"Anthozoa",1363,"Animalia",1292,"Cnidaria","Mussismilia hispida","Hexacorallia","Faviidae",2,"dde0dbd3-92fb-41e6-9f51-b1ae930a934b",36.9,2.8,47,25.85,10,"12","(Verrill, 1901) ",NA,NA,"Pataxo Reef","Brazil","Abrolhos","South Atlantic",NA,NA,NA,NA,NA,NA,NA,NA,NA,NA,NA,NA,NA,NA,NA,NA
2003,"urn:lsid:marinespecies.org:taxname:290423","2003","Mussismilia hispida",FALSE,290423,-23.221,1340,1267,196099,"PCABRS260",NA,"PreservedSpecimen",FALSE,29,"b23295a4-c504-4e35-bd3d-b04b5fb17cc6","4","Scleractinia","eddee438-1ec9-4e50-83ca-a7ee7bc324cc",-44.15,"Cnidaria",1.070496e+12,290423,NA,1.070496e+12,"12","Mussismilia",NA,"2003-12-04T12:00:00Z",FALSE,FALSE,"Faviinae",267605,"Mussismilia hispida",TRUE,29,718680,"MMA/BIO23",1.070496e+12,"Anthozoa",1363,"Animalia",1292,"Cnidaria","Mussismilia hispida","Hexacorallia","Faviidae",2,"dde0dbd3-92fb-41e6-9f51-b1ae930a934b",36.13,29,53,23.64,-1,"35","(Verrill, 1901)","Pires, D.O.; Castro, C.B.; Alvarenga, M.F.; Barros, M.M.L; Ratto, C.C.; Segal, B.",NA,"Ilha Jorge Grego",NA,NA,NA,NA,NA,NA,NA,NA,NA,NA,NA,NA,NA,NA,NA,NA,NA,NA,NA
2004,"urn:lsid:marinespecies.org:taxname:290423","2004","Mussismilia hispida",FALSE,290423,-23.185,1340,1267,196099,"PCABRS268",NA,"PreservedSpecimen",FALSE,17,"b37e02ed-04c0-426e-b275-2f68ac468b0c","19","Scleractinia","eddee438-1ec9-4e50-83ca-a7ee7bc324cc",-44.578,"Cnidaria",1084924800000,290423,NA,1084924800000,"5","Mussismilia",NA,"2004-05-19T12:00:00Z",FALSE,FALSE,"Faviinae",267605,"Mussismilia hispida",TRUE,17,718680,"MMA/BIO23",1084924800000,"Anthozoa",1363,"Animalia",1292,"Cnidaria","Mussismilia hispida","Hexacorallia","Faviidae",2,"dde0dbd3-92fb-41e6-9f51-b1ae930a934b",35.98,17,110,23.72,-7,"41","(Verrill, 1901)","Pires, D.O.; Castro, C.B.; Alvarenga, M.F.; Barros, M.M.L; Ratto, C.C.; Segal, B.",NA,"Ilha dos Meros",NA,NA,NA,NA,NA,NA,NA,NA,NA,NA,NA,NA,NA,NA,NA,NA,NA,NA,NA
2000,"urn:lsid:marinespecies.org:taxname:290423","2000","Mussismilia hispida",FALSE,290423,-17.996111,1340,1267,196099,"CSPM507",NA,"HumanObservation",FALSE,9.3,"b68f38e4-36c4-4c95-9492-69fcffd6ec86","11","Scleractinia","7a950cb1-88cc-4401-9368-1495e64586ff",-39.272778,"RAP",950227200000,290423,NA,950227200000,"2","Mussismilia",NA,"2000-02-11T12:00:00Z",FALSE,FALSE,"Faviinae",267605,"Mussismilia hispida",TRUE,5.5,718680,"CI_BR",950227200000,"Anthozoa",1363,"Animalia",1292,"Cnidaria","Mussismilia hispida","Hexacorallia","Faviidae",2,"dde0dbd3-92fb-41e6-9f51-b1ae930a934b",36.93,7.4,7404,25.88,5,"1E","(Verrill, 1901) ",NA,NA,"Nova Vicosa Reef","Brazil","Abrolhos","South Atlantic",NA,NA,NA,NA,NA,NA,NA,NA,NA,NA,NA,NA,NA,NA,NA,NA
2003,"urn:lsid:marinespecies.org:taxname:290423","2003","Mussismilia hispida",FALSE,290423,-23.063,1340,1267,196099,"PCABRS241",NA,"PreservedSpecimen",FALSE,9,"bc62c59a-1b4a-4927-9ec8-c4938613d65d","19","Scleractinia","eddee438-1ec9-4e50-83ca-a7ee7bc324cc",-44.601,"Cnidaria",1.0692e+12,290423,NA,1.0692e+12,"11","Mussismilia",NA,"2003-11-19T12:00:00Z",FALSE,FALSE,"Faviinae",267605,"Mussismilia hispida",TRUE,9,718680,"MMA/BIO23",1.0692e+12,"Anthozoa",1363,"Animalia",1292,"Cnidaria","Mussismilia hispida","Hexacorallia","Faviidae",2,"dde0dbd3-92fb-41e6-9f51-b1ae930a934b",35.99,9,100,23.79,-4,"15","(Verrill, 1901)","Pires, D.O.; Castro, C.B.; Alvarenga, M.F.; Barros, M.M.L; Ratto, C.C.; Segal, B.",NA,"Ponta Grande Timuiba",NA,NA,NA,NA,NA,NA,NA,NA,NA,NA,NA,NA,NA,NA,NA,NA,NA,NA,NA
2000,"urn:lsid:marinespecies.org:taxname:290423","2000","Mussismilia hispida",FALSE,290423,-18.003889,1340,1267,196099,"CSPM486",NA,"HumanObservation",FALSE,NA,"be3f8e53-a5dd-485d-af7d-280b9df0bc2d","21","Scleractinia","7a950cb1-88cc-4401-9368-1495e64586ff",-38.703611,"RAP",951091200000,290423,NA,951091200000,"2","Mussismilia",NA,"2000-02-21T12:00:00Z",FALSE,FALSE,"Faviinae",267605,"Mussismilia hispida",TRUE,NA,718680,"CI_BR",951091200000,"Anthozoa",1363,"Animalia",1292,"Cnidaria","Mussismilia hispida","Hexacorallia","Faviidae",2,"dde0dbd3-92fb-41e6-9f51-b1ae930a934b",37.08,NA,2488,25.91,5,"25","(Verrill, 1901) ",NA,NA,"Western Parcel dos Abrolhos, Abrolhos National Park","Brazil","Abrolhos","South Atlantic",NA,NA,NA,NA,NA,NA,NA,NA,NA,NA,NA,NA,NA,NA,NA,NA
1963,"urn:lsid:marinespecies.org:taxname:870488","1963","Mussismilia hispida",FALSE,290423,-12.7329998016,1340,1267,196099,"85176.56874",NA,"PreservedSpecimen",FALSE,2,"c17c1aad-277e-48be-93e3-5ac63ca9dfd1",NA,"Scleractinia","89e23fc8-3f61-4480-9de3-358fe6eefe0b",-38.6170005798,"Invertebrate Zoology: Coelenterates",-210643200000,290423,NA,-210643200000,"4","Mussismilia","Department of Invertebrate Zoology, Research and Collections Information System, NMNH, Smithsonian Institution. See: http://www.mnh.si.edu/rc/db/collection_db_p [...]","1963-04-30T12:00:00Z",FALSE,FALSE,"Faviinae",267605,"Mussismilia hispida tenuisepta",TRUE,2,718680,"USNM",-210643200000,"Anthozoa",1363,"Animalia",1292,"Cnidaria","Mussismilia hispida","Hexacorallia","Faviidae",2,"310922b4-9d0c-4de1-92d7-9b442d34765b",37.12,2,41,27.02,2,NA,"Verrill","Wells, J. W.",NA,"Suape","Brazil",NA,"South Atlantic Ocean",NA,NA,NA,NA,NA,NA,NA,NA,NA,"M. Kempf",NA,"observedindividualcount=1;","1.0","National Museum of Natural History, Smithsonian Institution","Bahia","Dry"
2000,"urn:lsid:marinespecies.org:taxname:290423","2000","Mussismilia hispida",FALSE,290423,-17.46,1340,1267,196099,"CSPM499",NA,"HumanObservation",FALSE,12,"c72c85f3-b7c7-437e-916c-eb44d131a40b","26","Scleractinia","7a950cb1-88cc-4401-9368-1495e64586ff",-39.031944,"RAP",951523200000,290423,NA,951523200000,"2","Mussismilia",NA,"2000-02-26T12:00:00Z",FALSE,FALSE,"Faviinae",267605,"Mussismilia hispida",TRUE,3.5,718680,"CI_BR",951523200000,"Anthozoa",1363,"Animalia",1292,"Cnidaria","Mussismilia hispida","Hexacorallia","Faviidae",2,"dde0dbd3-92fb-41e6-9f51-b1ae930a934b",36.95,7.75,10787,25.88,6,"39","(Verrill, 1901) ",NA,NA,"Northern Timbebas Reef, Abrolhos National Park","Brazil","Abrolhos","South Atlantic",NA,NA,NA,NA,NA,NA,NA,NA,NA,NA,NA,NA,NA,NA,NA,NA
2000,"urn:lsid:marinespecies.org:taxname:290423","2000","Mussismilia hispida",FALSE,290423,-17.682222,1340,1267,196099,"CSPM496",NA,"HumanObservation",FALSE,12.5,"c7b56730-0943-4985-86af-8729726a6c99","25","Scleractinia","7a950cb1-88cc-4401-9368-1495e64586ff",-38.966389,"RAP",951436800000,290423,NA,951436800000,"2","Mussismilia",NA,"2000-02-25T12:00:00Z",FALSE,FALSE,"Faviinae",267605,"Mussismilia hispida",TRUE,4.5,718680,"CI_BR",951436800000,"Anthozoa",1363,"Animalia",1292,"Cnidaria","Mussismilia hispida","Hexacorallia","Faviidae",2,"dde0dbd3-92fb-41e6-9f51-b1ae930a934b",36.97,8.5,10749,25.89,5,"36","(Verrill, 1901) ",NA,NA,"Lixa Reef, Parcel das Paredes","Brazil","Abrolhos","South Atlantic",NA,NA,NA,NA,NA,NA,NA,NA,NA,NA,NA,NA,NA,NA,NA,NA
2000,"urn:lsid:marinespecies.org:taxname:290423","2000","Mussismilia hispida",FALSE,290423,-16.886389,1340,1267,196099,"CSPM476",NA,"HumanObservation",FALSE,5.5,"cbdd9393-6f9b-40a4-b131-101f7a7cdd50","16","Scleractinia","7a950cb1-88cc-4401-9368-1495e64586ff",-39.085,"RAP",950659200000,290423,NA,950659200000,"2","Mussismilia",NA,"2000-02-16T12:00:00Z",FALSE,FALSE,"Faviinae",267605,"Mussismilia hispida",TRUE,1,718680,"CI_BR",950659200000,"Anthozoa",1363,"Animalia",1292,"Cnidaria","Mussismilia hispida","Hexacorallia","Faviidae",2,"dde0dbd3-92fb-41e6-9f51-b1ae930a934b",36.87,3.25,2967,25.81,6,"14","(Verrill, 1901) ",NA,NA,"Pedra Brava, Itacolomis Reefs","Brazil","Abrolhos","South Atlantic",NA,NA,NA,NA,NA,NA,NA,NA,NA,NA,NA,NA,NA,NA,NA,NA
2004,"urn:lsid:marinespecies.org:taxname:290423","2004","Mussismilia hispida",FALSE,290423,-23.063,1340,1267,196099,"PCABRS242",NA,"PreservedSpecimen",FALSE,9,"ced65b07-6e57-4b85-81e6-69dbac6b1d7c","23","Scleractinia","eddee438-1ec9-4e50-83ca-a7ee7bc324cc",-44.601,"Cnidaria",1085270400000,290423,NA,1085270400000,"5","Mussismilia",NA,"2004-05-23T12:00:00Z",FALSE,FALSE,"Faviinae",267605,"Mussismilia hispida",TRUE,9,718680,"MMA/BIO23",1085270400000,"Anthozoa",1363,"Animalia",1292,"Cnidaria","Mussismilia hispida","Hexacorallia","Faviidae",2,"dde0dbd3-92fb-41e6-9f51-b1ae930a934b",35.99,9,100,23.79,-4,"15","(Verrill, 1901)","Pires, D.O.; Castro, C.B.; Alvarenga, M.F.; Barros, M.M.L; Ratto, C.C.; Segal, B.",NA,"Ponta Grande Timuiba",NA,NA,NA,NA,NA,NA,NA,NA,NA,NA,NA,NA,NA,NA,NA,NA,NA,NA,NA
2003,"urn:lsid:marinespecies.org:taxname:290423","2003","Mussismilia hispida",FALSE,290423,-22.962,1340,1267,196099,"PCABRS245",NA,"PreservedSpecimen",FALSE,9,"cf94fbea-5477-4019-8074-bc0222121958","29","Scleractinia","eddee438-1ec9-4e50-83ca-a7ee7bc324cc",-44.367,"Cnidaria",1067385600000,290423,NA,1067385600000,"10","Mussismilia",NA,"2003-10-29T12:00:00Z",FALSE,FALSE,"Faviinae",267605,"Mussismilia hispida",TRUE,9,718680,"MMA/BIO23",1067385600000,"Anthozoa",1363,"Animalia",1292,"Cnidaria","Mussismilia hispida","Hexacorallia","Faviidae",2,"dde0dbd3-92fb-41e6-9f51-b1ae930a934b",35.99,9,175,23.75,-9,"19","(Verrill, 1901)","Pires, D.O.; Castro, C.B.; Alvarenga, M.F.; Barros, M.M.L; Ratto, C.C.; Segal, B.",NA,"Ilha Comprida Baia de Ribeira",NA,NA,NA,NA,NA,NA,NA,NA,NA,NA,NA,NA,NA,NA,NA,NA,NA,NA,NA
2003,"urn:lsid:marinespecies.org:taxname:290423","2003","Mussismilia hispida",FALSE,290423,-23.185,1340,1267,196099,"PCABRS267",NA,"PreservedSpecimen",FALSE,17,"d2313e03-a42e-4240-bcaf-9e4dcdbce560","21","Scleractinia","eddee438-1ec9-4e50-83ca-a7ee7bc324cc",-44.578,"Cnidaria",1069372800000,290423,NA,1069372800000,"11","Mussismilia",NA,"2003-11-21T12:00:00Z",FALSE,FALSE,"Faviinae",267605,"Mussismilia hispida",TRUE,17,718680,"MMA/BIO23",1069372800000,"Anthozoa",1363,"Animalia",1292,"Cnidaria","Mussismilia hispida","Hexacorallia","Faviidae",2,"dde0dbd3-92fb-41e6-9f51-b1ae930a934b",35.98,17,110,23.72,-7,"41","(Verrill, 1901)","Pires, D.O.; Castro, C.B.; Alvarenga, M.F.; Barros, M.M.L; Ratto, C.C.; Segal, B.",NA,"Ilha dos Meros",NA,NA,NA,NA,NA,NA,NA,NA,NA,NA,NA,NA,NA,NA,NA,NA,NA,NA,NA
2003,"urn:lsid:marinespecies.org:taxname:290423","2003","Mussismilia hispida",FALSE,290423,-23.268,1340,1267,196099,"PCABRS227",NA,"PreservedSpecimen",FALSE,15,"daa4c78a-50aa-47f9-9933-166787e24779","16","Scleractinia","eddee438-1ec9-4e50-83ca-a7ee7bc324cc",-44.541,"Cnidaria",1068940800000,290423,NA,1068940800000,"11","Mussismilia",NA,"2003-11-16T12:00:00Z",FALSE,FALSE,"Faviinae",267605,"Mussismilia hispida",TRUE,15,718680,"MMA/BIO23",1068940800000,"Anthozoa",1363,"Animalia",1292,"Cnidaria","Mussismilia hispida","Hexacorallia","Faviidae",2,"dde0dbd3-92fb-41e6-9f51-b1ae930a934b",36.01,15,47,23.65,-114,"2","(Verrill, 1901)","Pires, D.O.; Castro, C.B.; Alvarenga, M.F.; Barros, M.M.L; Ratto, C.C.; Segal, B.",NA,"Ponta da Mesa Enseada do Pouso",NA,NA,NA,NA,NA,NA,NA,NA,NA,NA,NA,NA,NA,NA,NA,NA,NA,NA,NA
2000,"urn:lsid:marinespecies.org:taxname:290423","2000","Mussismilia hispida",FALSE,290423,-17.9920005798,1340,1267,196099,"34771","present","HumanObservation",FALSE,7,"e229dabd-d218-4f26-b5ac-02c5019273ab","22","Scleractinia","47edd06e-212a-4677-9abb-6384a0cac20a",-38.6694984436,"agrra_benthic",953683200000,290423,"36454",953683200000,"3","Mussismilia","Marks, K.W. 2007. AGRRA Database, version (05/2007). Available online http:www.agrra.org/Release_2007-05","2000-03-22T12:00:00Z",FALSE,FALSE,"Faviinae",267605,"Mussismilia hispida",TRUE,7,718680,"AGRRA",953683200000,"Anthozoa",1363,"Animalia",1292,"Cnidaria","Mussismilia hispida","Hexacorallia","Faviidae",2,"8385435b-bcf5-4bec-b827-8b480163d479",37.08,7,3092,25.9,2,NA,NA,NA,NA,NA,NA,NA,NA,NA,NA,NA,NA,NA,NA,NA,NA,NA,NA,NA,NA,NA,NA,NA,NA
2000,"urn:lsid:marinespecies.org:taxname:290423","2000","Mussismilia hispida",FALSE,290423,-17.751944,1340,1267,196099,"CSPM497",NA,"HumanObservation",FALSE,6,"e8e25ec3-d38b-4c54-a901-fca228bafae3","25","Scleractinia","7a950cb1-88cc-4401-9368-1495e64586ff",-38.978611,"RAP",951436800000,290423,NA,951436800000,"2","Mussismilia",NA,"2000-02-25T12:00:00Z",FALSE,FALSE,"Faviinae",267605,"Mussismilia hispida",TRUE,1.5,718680,"CI_BR",951436800000,"Anthozoa",1363,"Animalia",1292,"Cnidaria","Mussismilia hispida","Hexacorallia","Faviidae",2,"dde0dbd3-92fb-41e6-9f51-b1ae930a934b",36.96,3.75,16662,25.9,3,"37","(Verrill, 1901) ",NA,NA,"Boqueirao, Parcel das Paredes","Brazil","Abrolhos","South Atlantic",NA,NA,NA,NA,NA,NA,NA,NA,NA,NA,NA,NA,NA,NA,NA,NA
2003,"urn:lsid:marinespecies.org:taxname:290423","2003","Mussismilia hispida",FALSE,290423,-23.07,1340,1267,196099,"PCABRS269",NA,"PreservedSpecimen",FALSE,30,"e9aaffc9-4350-403f-b919-99af5839c988","7","Scleractinia","eddee438-1ec9-4e50-83ca-a7ee7bc324cc",-44.253,"Cnidaria",1070755200000,290423,NA,1070755200000,"12","Mussismilia",NA,"2003-12-07T12:00:00Z",FALSE,FALSE,"Faviinae",267605,"Mussismilia hispida",TRUE,30,718680,"MMA/BIO23",1070755200000,"Anthozoa",1363,"Animalia",1292,"Cnidaria","Mussismilia hispida","Hexacorallia","Faviidae",2,"dde0dbd3-92fb-41e6-9f51-b1ae930a934b",36,30,18,23.75,-1,"42","(Verrill, 1901)","Pires, D.O.; Castro, C.B.; Alvarenga, M.F.; Barros, M.M.L; Ratto, C.C.; Segal, B.",NA,"Ilha Itacuatiba",NA,NA,NA,NA,NA,NA,NA,NA,NA,NA,NA,NA,NA,NA,NA,NA,NA,NA,NA
2001,"urn:lsid:marinespecies.org:taxname:290423","2001","Mussismilia hispida",FALSE,290423,-24.0216,1340,1267,196099,"46",NA,"PreservedSpecimen",FALSE,NA,"ecb2f09f-4591-422b-b8b0-10fa675435b4",NA,"Scleractinia","54d75f8a-0ced-44b6-b35a-d04c9183020f",-46.3576,"CP",9.94032e+11,290423,NA,9.94032e+11,NA,"Mussismilia",NA,"2001-07-02T12:00:00Z",FALSE,FALSE,"Faviinae",267605,"Mussismilia hispida",TRUE,NA,718680,"UFRJ",9.94032e+11,"Anthozoa",1363,"Animalia",1292,"Cnidaria","Mussismilia hispida","Hexacorallia","Faviidae",2,"dde0dbd3-92fb-41e6-9f51-b1ae930a934b",35.74,NA,2664,23.42,12,NA,"(Verrill, 1901)",NA,NA,"Santos Bay","Brazil","Santos","South Atlantic",NA,NA,NA,NA,NA,NA,NA,NA,NA,NA,NA,NA,NA,NA,NA,NA
2003,"urn:lsid:marinespecies.org:taxname:290423","2003","Mussismilia hispida",FALSE,290423,-23.06,1340,1267,196099,"PCABRS248",NA,"PreservedSpecimen",FALSE,20.5,"f08c0bc0-c9f4-4913-bec1-9477411bc47d","1","Scleractinia","eddee438-1ec9-4e50-83ca-a7ee7bc324cc",-44.421,"Cnidaria",1067644800000,290423,NA,1067644800000,"11","Mussismilia",NA,"2003-11-01T12:00:00Z",FALSE,FALSE,"Faviinae",267605,"Mussismilia hispida",TRUE,20.5,718680,"MMA/BIO23",1067644800000,"Anthozoa",1363,"Animalia",1292,"Cnidaria","Mussismilia hispida","Hexacorallia","Faviidae",2,"dde0dbd3-92fb-41e6-9f51-b1ae930a934b",35.97,20.5,125,23.76,-3,"23","(Verrill, 1901)","Pires, D.O.; Castro, C.B.; Alvarenga, M.F.; Barros, M.M.L; Ratto, C.C.; Segal, B.",NA,"Ilha de Buzios",NA,NA,NA,NA,NA,NA,NA,NA,NA,NA,NA,NA,NA,NA,NA,NA,NA,NA,NA
2000,"urn:lsid:marinespecies.org:taxname:290423","2000","Mussismilia hispida",FALSE,290423,-18.048056,1340,1267,196099,"CSPM495",NA,"HumanObservation",FALSE,25.5,"f0c3fa9b-9992-4ce5-a6e1-0f3bf0c68821","24","Scleractinia","7a950cb1-88cc-4401-9368-1495e64586ff",-38.678889,"RAP",951350400000,290423,NA,951350400000,"2","Mussismilia",NA,"2000-02-24T12:00:00Z",FALSE,FALSE,"Faviinae",267605,"Mussismilia hispida",TRUE,8,718680,"CI_BR",951350400000,"Anthozoa",1363,"Animalia",1292,"Cnidaria","Mussismilia hispida","Hexacorallia","Faviidae",2,"dde0dbd3-92fb-41e6-9f51-b1ae930a934b",37.08,16.75,7623,25.91,3,"35","(Verrill, 1901) ",NA,NA,"Southern Parcel dos Abrolhos, Abrolhos National Park","Brazil","Abrolhos","South Atlantic",NA,NA,NA,NA,NA,NA,NA,NA,NA,NA,NA,NA,NA,NA,NA,NA
2000,"urn:lsid:marinespecies.org:taxname:290423","2000","Mussismilia hispida",FALSE,290423,-18.028333,1340,1267,196099,"CSPM467",NA,"HumanObservation",FALSE,21.7,"f1ee1367-ae2a-4708-ab12-17799881e750","12","Scleractinia","7a950cb1-88cc-4401-9368-1495e64586ff",-39,"RAP",950313600000,290423,NA,950313600000,"2","Mussismilia",NA,"2000-02-12T12:00:00Z",FALSE,FALSE,"Faviinae",267605,"Mussismilia hispida",TRUE,9,718680,"CI_BR",950313600000,"Anthozoa",1363,"Animalia",1292,"Cnidaria","Mussismilia hispida","Hexacorallia","Faviidae",2,"dde0dbd3-92fb-41e6-9f51-b1ae930a934b",36.98,15.35,22846,25.91,5,"3","(Verrill, 1901) ",NA,NA,"Sequeiro of Popa Verde I","Brazil","Abrolhos","South Atlantic",NA,NA,NA,NA,NA,NA,NA,NA,NA,NA,NA,NA,NA,NA,NA,NA
2003,"urn:lsid:marinespecies.org:taxname:290423","2003","Mussismilia hispida",FALSE,290423,-23.028,1340,1267,196099,"PCABRS250",NA,"PreservedSpecimen",FALSE,12,"f29370fd-acb5-4f81-ac92-3dacfc530113","2","Scleractinia","eddee438-1ec9-4e50-83ca-a7ee7bc324cc",-44.309,"Cnidaria",1067731200000,290423,NA,1067731200000,"11","Mussismilia",NA,"2003-11-02T12:00:00Z",FALSE,FALSE,"Faviinae",267605,"Mussismilia hispida",TRUE,12,718680,"MMA/BIO23",1067731200000,"Anthozoa",1363,"Animalia",1292,"Cnidaria","Mussismilia hispida","Hexacorallia","Faviidae",2,"dde0dbd3-92fb-41e6-9f51-b1ae930a934b",36,12,126,23.75,252,"26","(Verrill, 1901)","Pires, D.O.; Castro, C.B.; Alvarenga, M.F.; Barros, M.M.L; Ratto, C.C.; Segal, B.",NA,"Ilha do Calombo",NA,NA,NA,NA,NA,NA,NA,NA,NA,NA,NA,NA,NA,NA,NA,NA,NA,NA,NA
2000,"urn:lsid:marinespecies.org:taxname:290423","2000","Mussismilia hispida",FALSE,290423,-16.897778,1340,1267,196099,"CSPM479",NA,"HumanObservation",FALSE,4,"f2c786f9-1b50-4bb3-a9b1-9d0add1a1c40","17","Scleractinia","7a950cb1-88cc-4401-9368-1495e64586ff",-39.078611,"RAP",950745600000,290423,NA,950745600000,"2","Mussismilia",NA,"2000-02-17T12:00:00Z",FALSE,FALSE,"Faviinae",267605,"Mussismilia hispida",TRUE,0.5,718680,"CI_BR",950745600000,"Anthozoa",1363,"Animalia",1292,"Cnidaria","Mussismilia hispida","Hexacorallia","Faviidae",2,"dde0dbd3-92fb-41e6-9f51-b1ae930a934b",36.87,2.25,3419,25.93,6,"17","(Verrill, 1901) ",NA,NA,"Pedra do Canudo, Itacolomis Reefs","Brazil","Abrolhos","South Atlantic",NA,NA,NA,NA,NA,NA,NA,NA,NA,NA,NA,NA,NA,NA,NA,NA
2004,"urn:lsid:marinespecies.org:taxname:290423","2004","Mussismilia hispida",FALSE,290423,-23.167,1340,1267,196099,"PCABRS263",NA,"PreservedSpecimen",FALSE,24,"f34adbb0-416f-4694-9847-e01270e7861e","27","Scleractinia","eddee438-1ec9-4e50-83ca-a7ee7bc324cc",-44.373,"Cnidaria",1.085616e+12,290423,NA,1.085616e+12,"5","Mussismilia",NA,"2004-05-27T12:00:00Z",FALSE,FALSE,"Faviinae",267605,"Mussismilia hispida",TRUE,24,718680,"MMA/BIO23",1.085616e+12,"Anthozoa",1363,"Animalia",1292,"Cnidaria","Mussismilia hispida","Hexacorallia","Faviidae",2,"dde0dbd3-92fb-41e6-9f51-b1ae930a934b",36.04,24,131,23.72,-131,"38","(Verrill, 1901)","Pires, D.O.; Castro, C.B.; Alvarenga, M.F.; Barros, M.M.L; Ratto, C.C.; Segal, B.",NA,"Ponta Acaia Ilha Grande",NA,NA,NA,NA,NA,NA,NA,NA,NA,NA,NA,NA,NA,NA,NA,NA,NA,NA,NA
2004,"urn:lsid:marinespecies.org:taxname:290423","2004","Mussismilia hispida",FALSE,290423,-23.272,1340,1267,196099,"PCABRS231",NA,"PreservedSpecimen",FALSE,6,"f4ddf9f9-a900-4771-b56e-6d6b0872ac58","24","Scleractinia","eddee438-1ec9-4e50-83ca-a7ee7bc324cc",-44.631,"Cnidaria",1085356800000,290423,NA,1085356800000,"5","Mussismilia",NA,"2004-05-24T12:00:00Z",FALSE,FALSE,"Faviinae",267605,"Mussismilia hispida",TRUE,6,718680,"MMA/BIO23",1085356800000,"Anthozoa",1363,"Animalia",1292,"Cnidaria","Mussismilia hispida","Hexacorallia","Faviidae",2,"dde0dbd3-92fb-41e6-9f51-b1ae930a934b",36.03,6,56,23.65,-9,"6","(Verrill, 1901)","Pires, D.O.; Castro, C.B.; Alvarenga, M.F.; Barros, M.M.L; Ratto, C.C.; Segal, B.",NA,"Saco do Mamangua (Ilha Maranata)",NA,NA,NA,NA,NA,NA,NA,NA,NA,NA,NA,NA,NA,NA,NA,NA,NA,NA,NA
2003,"urn:lsid:marinespecies.org:taxname:290423","2003","Mussismilia hispida",FALSE,290423,-23.043,1340,1267,196099,"PCABRS253",NA,"PreservedSpecimen",FALSE,16,"f76d001b-1dfd-4aac-94bc-544afb9adfca","2","Scleractinia","eddee438-1ec9-4e50-83ca-a7ee7bc324cc",-44.14,"Cnidaria",1070323200000,290423,NA,1070323200000,"12","Mussismilia",NA,"2003-12-02T12:00:00Z",FALSE,FALSE,"Faviinae",267605,"Mussismilia hispida",TRUE,16,718680,"MMA/BIO23",1070323200000,"Anthozoa",1363,"Animalia",1292,"Cnidaria","Mussismilia hispida","Hexacorallia","Faviidae",2,"dde0dbd3-92fb-41e6-9f51-b1ae930a934b",36.03,16,42,23.68,17,"29","(Verrill, 1901)","Pires, D.O.; Castro, C.B.; Alvarenga, M.F.; Barros, M.M.L; Ratto, C.C.; Segal, B.",NA,"Ilha dos Arrependidos",NA,NA,NA,NA,NA,NA,NA,NA,NA,NA,NA,NA,NA,NA,NA,NA,NA,NA,NA
2004,"urn:lsid:marinespecies.org:taxname:290423","2004","Mussismilia hispida",FALSE,290423,-23.193,1340,1267,196099,"PCABRS237",NA,"PreservedSpecimen",FALSE,10.4,"f886e26f-76ff-4182-b71b-42043c40c4c7","22","Scleractinia","eddee438-1ec9-4e50-83ca-a7ee7bc324cc",-44.644,"Cnidaria",1.085184e+12,290423,NA,1.085184e+12,"5","Mussismilia",NA,"2004-05-22T12:00:00Z",FALSE,FALSE,"Faviinae",267605,"Mussismilia hispida",TRUE,10.4,718680,"MMA/BIO23",1.085184e+12,"Anthozoa",1363,"Animalia",1292,"Cnidaria","Mussismilia hispida","Hexacorallia","Faviidae",2,"dde0dbd3-92fb-41e6-9f51-b1ae930a934b",35.99,10.4,78,23.73,-72,"10","(Verrill, 1901)","Pires, D.O.; Castro, C.B.; Alvarenga, M.F.; Barros, M.M.L; Ratto, C.C.; Segal, B.",NA,"Praia Vermelha Saco da Praia Vermelha",NA,NA,NA,NA,NA,NA,NA,NA,NA,NA,NA,NA,NA,NA,NA,NA,NA,NA,NA
2004,"urn:lsid:marinespecies.org:taxname:290423","2004","Mussismilia hispida",FALSE,290423,-23.221,1340,1267,196099,"PCABRS261",NA,"PreservedSpecimen",FALSE,29,"fa16e365-899e-4c39-bb86-f9002309f0d0","26","Scleractinia","eddee438-1ec9-4e50-83ca-a7ee7bc324cc",-44.15,"Cnidaria",1085529600000,290423,NA,1085529600000,"5","Mussismilia",NA,"2004-05-26T12:00:00Z",FALSE,FALSE,"Faviinae",267605,"Mussismilia hispida",TRUE,29,718680,"MMA/BIO23",1085529600000,"Anthozoa",1363,"Animalia",1292,"Cnidaria","Mussismilia hispida","Hexacorallia","Faviidae",2,"dde0dbd3-92fb-41e6-9f51-b1ae930a934b",36.13,29,53,23.64,-1,"35","(Verrill, 1901)","Pires, D.O.; Castro, C.B.; Alvarenga, M.F.; Barros, M.M.L; Ratto, C.C.; Segal, B.",NA,"Ilha Jorge Grego",NA,NA,NA,NA,NA,NA,NA,NA,NA,NA,NA,NA,NA,NA,NA,NA,NA,NA,NA
2000,"urn:lsid:marinespecies.org:taxname:290423","2000","Mussismilia hispida",FALSE,290423,-17.426111,1340,1267,196099,"CSPM502",NA,"HumanObservation",FALSE,23,"faa577c2-dca8-4660-90d3-759e3b8a6935","27","Scleractinia","7a950cb1-88cc-4401-9368-1495e64586ff",-38.971111,"RAP",951609600000,290423,NA,951609600000,"2","Mussismilia",NA,"2000-02-27T12:00:00Z",FALSE,FALSE,"Faviinae",267605,"Mussismilia hispida",TRUE,23,718680,"CI_BR",951609600000,"Anthozoa",1363,"Animalia",1292,"Cnidaria","Mussismilia hispida","Hexacorallia","Faviidae",2,"dde0dbd3-92fb-41e6-9f51-b1ae930a934b",36.96,23,16735,25.89,18,"42","(Verrill, 1901) ",NA,NA,"Salteado de Timbebas","Brazil","Abrolhos","South Atlantic",NA,NA,NA,NA,NA,NA,NA,NA,NA,NA,NA,NA,NA,NA,NA,NA
